,名稱,註冊號碼,地址,統編,緯度,經度,日期
0,鴻輝食品廠,99611344,新北市新莊區新莊路四九三巷四弄一一號,35567635,121.44862,25.0327,中華民國59年08月23日 03:38:51
1,廣達香食品股份有限公司,99604192,新北市新莊區化成路三八二巷一八號,35549807,121.46722,25.0499,中華民國59年08月23日 03:38:51
2,順發糧食行,99613990,新北市板橋區縣民大道一段二八一號,33305209,121.4605,25.01011,中華民國59年08月23日 03:38:51
3,台灣塩野香料股份有限公司,99600477,新北市新莊區化成路二一九號,3561504,121.46569,25.04674,中華民國59年08月23日 03:38:51
4,圓金釀造食品股份有限公司,99606467,新北市新莊區新樹路二六八巷二二號,35427115,121.43106,25.01403,中華民國59年08月23日 03:38:51
5,永芳醬園股份有限公司,99605140,新北市永和區仁愛路一四一巷五二號,33938534,121.51255,25.01134,中華民國59年08月23日 03:38:51
6,強生化學製藥廠股份有限公司,99606303,新北市三重區三和路4段77號2、3樓、79號1至6樓,35348007,121.48972,25.07527,中華民國59年08月23日 03:38:51
7,大德製冰廠,99618950,新北市淡水區中正路二巷一號,37011107,121.44366,25.16967,中華民國59年08月23日 03:38:51
8,臺灣農林股份有限公司北區分公司,99615941,新北市三峽區竹崙路140號,33506395,121.43492,24.90929,中華民國59年08月23日 03:38:51
9,新成春碾米廠,99689303,新北市樹林區柑園街一段三四五號,33326978,121.39073,24.95631,中華民國59年08月23日 03:38:51
10,建興豆皮工廠,99615451,新北市鶯歌區黃厝街３１巷１７號,33230600,121.34359,24.94554,中華民國59年08月23日 03:38:51
11,永順豆皮工廠,99689798,新北市鶯歌區尖山路二０四號,33084901,121.3437,24.94711,中華民國59年08月23日 03:38:51
12,華泰行食品工廠,99606385,新北市新莊區新莊路六七、六九號,35913896,121.45755,25.03679,中華民國59年08月23日 03:38:51
13,翁裕美商行,99610825,新北市新莊區新莊路128號,35320057,121.45569,25.0359,中華民國59年08月23日 03:38:51
14,集發米廠,99690225,新北市金山區美田里中山路218號,37144900,121.63742,25.22196,中華民國59年08月23日 03:38:51
15,和利碾米工廠,99619195,新北市淡水區中正路一七０號,37065905,121.4405,25.1699,中華民國59年08月23日 03:38:51
16,桂冠實業股份有限公司中和一廠,99616659,新北市中和區中山路二段三二九號,18868215,121.49291,25.00221,中華民國59年08月23日 03:38:51
17,建豐實業股份有限公司二重工廠,99613703,新北市三重區光復路二段一四０號,15276906,121.47197,25.05959,中華民國59年08月23日 03:38:51
18,林源昌蔴油食品有限公司,99619056,新北市新店區永業路96號,30831740,121.53042,24.95071,中華民國59年08月23日 03:38:51
19,信成油廠股份有限公司板橋分廠,99617209,新北市板橋區觀光街五八號,11473808,121.47017,25.01665,中華民國59年08月23日 03:38:51
20,新合記實業有限公司,99610362,新北市新莊區幸福東路六０號,34014947,121.46491,25.0496,中華民國59年08月23日 03:38:51
21,傳貴豆皮工廠,99618617,新北市板橋區南雅南路一段四巷一六號,33666478,121.45464,25.00521,中華民國59年08月23日 03:38:51
22,樂口福食品股份有限公司深坑工廠,99600358,新北市深坑區文山路1段33號,19087104,121.62942,25.00351,中華民國59年08月23日 03:38:51
23,南亞茶業股份有限公司,99689894,新北市三芝區橫山路一三之一號,33759594,121.50095,25.25772,中華民國59年08月23日 03:38:51
24,天興豆腐店,99689352,新北市板橋區文化路一段四二一巷二七號,33033621,121.46605,25.02324,中華民國59年08月23日 03:38:51
25,鴻明冷凍食品股份有限公司,99690131,新北市瑞芳區大寮路八四號,4545428,121.78155,25.10019,中華民國59年08月23日 03:38:51
26,濟生股份有限公司,99612784,新北市新莊區福營路二二七巷二三號,4309819,121.43026,25.02946,中華民國59年08月23日 03:38:51
27,永利油廠有限公司,99610191,新北市新莊區化成路三八九巷六六號,35874319,121.46305,25.05809,中華民國59年08月23日 03:38:51
28,富記食品有限公司泰山廠,99615544,新北市泰山區貴和里貴陽街五號,4274706,121.42133,25.03347,中華民國59年08月23日 03:38:51
29,中立食品工業股份有限公司,99610549,新北市新莊區思源路九二號,27005133,121.46022,25.04573,中華民國59年08月23日 03:38:51
30,鮮太王食品工業股份有限公司,99603189,新北市土城區工業區大同街一五之一號,97198133,121.44281,24.97257,中華民國59年08月23日 03:38:51
31,振記冷藏股份有限公司,99605752,新北市新莊區中正路六一巷三號,35858269,121.4623,25.0393,中華民國59年08月23日 03:38:51
32,德合豆沙工廠,99617720,新北市中和區連城路二一六、二一八號,34157727,121.49146,24.9966,中華民國59年08月23日 03:38:51
33,三順冷凍有限公司,99606653,新北市板橋區干城路一五九號,27474851,121.46073,24.99217,中華民國59年08月23日 03:38:51
34,有豐食品股份有限公司淡水廠,99606991,新北市淡水區椿子林二０之一號,89590248,121.48194,25.20372,中華民國59年08月23日 03:38:51
35,樺興化學工業有限公司,99610519,新北市新莊區化成路389巷18號,35940916,121.46444,25.05839,中華民國59年08月23日 03:38:51
36,文興食品工業股份有限公司淡水廠,99690093,新北市淡水區坪頂里小平頂二三之一二號,31133342,121.47558,25.15634,中華民國59年08月23日 03:38:51
37,大醇食品股份有限公司,99600313,新北市淡水區行忠路328號,5078012,121.46086,25.19992,中華民國59年08月23日 03:38:51
38,代岱食品工廠,99609940,新北市板橋區中山路二段一四八巷三四號,33976733,121.47701,25.01609,中華民國59年08月23日 03:38:51
39,台研食品有限公司,99604829,新北市三重區中興北街一五０巷三一號,34095722,121.46769,25.05648,中華民國59年08月23日 03:38:51
40,寶龍食品廠有限公司,99610486,新北市樹林區三俊街一五九巷三五號,34463752,121.41913,25.01665,中華民國59年08月23日 03:38:51
41,台灣留蘭香股份有限公司大屯廠,99617087,新北市淡水區小坑子頭5之1號,4375248,121.48337,25.21274,中華民國59年08月23日 03:38:51
42,振源食品科技股份有限公司,99689272,新北市汐止區八連路一段七八巷一號,18852136,121.64345,25.08083,中華民國59年08月23日 03:38:51
43,昌桔食品有限公司土城廠,99600293,新北市土城區民權街14號,80537594,121.4158,24.9644,中華民國59年08月23日 03:38:51
44,高印昌股份有限公司,99614371,新北市樹林區三俊街九０巷六、八號,24259062,121.41422,25.01523,中華民國59年08月23日 03:38:51
45,東鈴冷凍股份有限公司二廠,99611707,新北市中和區中山路二段三八七號,34334097,121.48696,25.00455,中華民國59年08月23日 03:38:51
46,華昇食品工廠股份有限公司,99600865,新北市瑞芳區頂坪路一三五號,33853036,121.79301,25.10205,中華民國59年08月23日 03:38:51
47,欣和興食品股份有限公司,99608390,新北市樹林區佳園路一段90號,16247280,121.39339,24.96933,中華民國59年08月23日 03:38:51
48,寒山物產商業有限公司,99618736,新北市中和區安邦街一四號,34342809,121.49581,24.99821,中華民國59年08月23日 03:38:51
49,松記食品工業有限公司,99611202,新北市新莊區頭前路二巷七號,36031978,121.46834,25.05319,中華民國59年08月23日 03:38:51
50,中立食品工業股份有限公司新莊二廠,99610930,新北市新莊區思源路84巷5號,27005133,121.46074,25.04542,中華民國59年08月23日 03:38:51
51,臺灣威化企業有限公司,99601779,新北市新莊區頭前路一九號三樓,2082674,121.46801,25.05258,中華民國59年08月23日 03:38:51
52,佑福食品有限公司,99601668,新北市泰山區明志路三段四０七巷五號,86272368,121.42164,25.03389,中華民國59年08月23日 03:38:51
53,雙氏企業有限公司,99605164,新北市汐止區連興街一四八巷一號一樓,39611134,121.65392,25.06123,中華民國59年08月23日 03:38:51
54,立基食品股份有限公司瑞芳一廠,99602072,新北市瑞芳區頂坪路一二號,30888763,121.79122,25.09768,中華民國59年08月23日 03:38:51
55,頂昌企業有限公司,99607109,新北市土城區永豐路一九五巷二三號,23832998,121.47412,24.97958,中華民國59年08月23日 03:38:51
56,智慧餅店,99690087,新北市板橋區三民路二段二四五巷四弄一四號一樓,8542387,121.48055,25.01225,中華民國59年08月23日 03:38:51
57,口洛佳食品實業有限公司,99606737,新北市新店區安泰路六０巷九０弄七八號,86611732,121.48365,24.94465,中華民國59年08月23日 03:38:51
58,三豐食品工廠,99604702,新北市新莊區化成路一００之一號,1995321,121.46535,25.04413,中華民國59年08月23日 03:38:51
59,吉美食品廠,99607282,新北市板橋區觀光街六一號,34110272,121.47041,25.01643,中華民國59年08月23日 03:38:51
60,伍弘實業有限公司,99604376,新北市板橋區大觀路三段三六巷八九弄八號,34113502,121.434,24.99804,中華民國59年08月23日 03:38:51
61,金瑞珍糕餅店,99689933,新北市瑞芳區中正路八八號,33868657,121.80536,25.10776,中華民國59年08月23日 03:38:51
62,聯淳國際股份有限公司,99606854,新北市中和區中山路二段三八０巷三號,97014959,121.49098,25.00366,中華民國59年08月23日 03:38:51
63,上好食品廠有限公司,99619158,新北市汐止區大同路一段一四六巷一二號,23108926,121.63193,25.05479,中華民國59年08月23日 03:38:51
64,茄苳實業廠有限公司,99618202,新北市三重區自強路四段三一巷八號一樓,36363526,121.48947,25.07686,中華民國59年08月23日 03:38:51
65,達益食品工業股份有限公司大有廠,99604243,新北市三重區中正北路三四三、三四五號,35466600,121.47297,25.07177,中華民國59年08月23日 03:38:51
66,易成食品企業有限公司,99612669,新北市三重區重陽路一段一一三巷一弄三九號,36252330,121.48789,25.05882,中華民國59年08月23日 03:38:51
67,貴州醬業有限公司,99603622,新北市三峽區橫溪路九九巷二六號,1864046,121.40032,24.93658,中華民國59年08月23日 03:38:51
68,寶島油脂股份有限公司,99603846,新北市土城區慶祥街一０二號,86992107,121.43543,24.97264,中華民國59年08月23日 03:38:51
69,品良食品有限公司,99604154,新北市淡水區學府路一九四、一九六號一樓,37507959,121.44693,25.17619,中華民國59年08月23日 03:38:51
70,生豐食品廠有限公司,99689149,新北市中和區中正路一二０六巷一九號一、二樓,23478286,121.48017,25.01152,中華民國59年08月23日 03:38:51
71,奕嘉食品廠,99617796,新北市鶯歌區鶯桃路94巷59弄8號1樓,1871617,121.34159,24.95533,中華民國59年08月23日 03:38:51
72,阜晟企業股份有限公司,99691118,新北市瑞芳區魚坑路二００號,940171,121.79043,25.10977,中華民國59年08月23日 03:38:51
73,銘珍食品廠有限公司,99618971,新北市淡水區下圭柔山一一九之一二號,7553202,121.45279,25.2076,中華民國59年08月23日 03:38:51
74,和益製麵廠股份有限公司板橋廠,99607756,新北市板橋區干城路一三九號三、四樓,16648475,121.45986,24.99329,中華民國59年08月23日 03:38:51
75,萬年春茶業股份有限公司板橋廠,99619903,新北市板橋區廣新里懷仁街一０巷三號,30965830,,,中華民國59年08月23日 03:38:51
76,芳福企業有限公司,99609192,新北市新莊區化成路三七五巷三五、三七號,22057097,121.46399,25.05769,中華民國59年08月23日 03:38:51
77,新北市樹林區農會稻穀加工廠,99600370,新北市樹林區寶園街11號,33421903,121.38649,24.95344,中華民國59年08月23日 03:38:51
78,大安好食品有限公司,99611003,新北市新莊區化成路一九０巷一二號,16650113,121.46626,25.0465,中華民國59年08月23日 03:38:51
79,芬芳烹材股份有限公司,99600563,新北市樹林區武林街9號之6（1~3樓）,84503548,121.41829,25.00216,中華民國59年08月23日 03:38:51
80,蘇州采芝齋食品行,99612481,新北市三重區中正北路一五號,33899201,121.49264,25.06168,中華民國59年08月23日 03:38:51
81,品川實業股份有限公司,99600911,新北市瑞芳區頂坪路七八號,22173693,121.79301,25.10205,中華民國59年08月23日 03:38:51
82,富山共同製茶廠,99609881,新北市三峽區成福路247、249號,1924348,121.42668,24.92503,中華民國59年08月23日 03:38:51
83,大人行實業有限公司,99618781,新北市中和區橋和路九五號,5152960,121.49055,25.00562,中華民國59年08月23日 03:38:51
84,良億食品廠,99689691,新北市中和區自立路一四一巷九號一樓,2368973,121.52281,24.99365,中華民國59年08月23日 03:38:51
85,欣裕食品有限公司,99605944,新北市新店區民權路一五七、一五九號三樓,22247203,121.53403,24.98264,中華民國59年08月23日 03:38:51
86,虎林食品行,99612911,新北市三重區中正北路25巷21號1樓,1976582,121.4931,25.0625,中華民國59年08月23日 03:38:51
87,王一企業有限公司,99689753,新北市永和區永貞路三二０號一樓,31256006,121.51166,25.00512,中華民國59年08月23日 03:38:51
88,祥茂糖菓工廠,99619694,新北市坪林區坪林里二六號一樓,33821909,121.71284,24.94237,中華民國59年08月23日 03:38:51
89,漢點食品工廠有限公司,99605227,新北市新莊區自立街二一四巷一０弄二二號一樓,22768929,121.45637,25.04497,中華民國59年08月23日 03:38:51
90,順溢油業有限公司,99604153,新北市土城區慶祥街四二號,22223119,121.43691,24.97453,中華民國59年08月23日 03:38:51
91,青峰實業股份有限公司,99605201,新北市中和區中正路1226號5樓之1,20790729,121.47942,25.01099,中華民國59年08月23日 03:38:51
92,信好食品廠,99617575,新北市汐止區大同路一段三三七巷一六弄一八號,2296964,121.63752,25.06095,中華民國59年08月23日 03:38:51
93,聯米企業股份有限公司,99613616,新北市樹林區光武街三六巷一號,86213452,121.41708,25.00633,中華民國59年08月23日 03:38:51
94,青映食品冷凍股份有限公司,99605340,新北市汐止區大同路1段358號,22389173,121.64028,25.06024,中華民國59年08月23日 03:38:51
95,國暉國際有限公司,99604859,新北市新店區中正路五四二之一號四樓,4890618,121.53379,24.98455,中華民國59年08月23日 03:38:51
96,竹軒西點麵包店,99604924,新北市樹林區中山路一段九一號一樓,34205093,121.42339,24.99116,中華民國59年08月23日 03:38:51
97,上發食品廠,99610365,新北市新莊區化成路二九巷八六號,2163161,121.46215,25.04409,中華民國59年08月23日 03:38:51
98,頂嘉麻油食品工廠,99601564,新北市土城區亞洲路五八巷五弄一八號,1927160,121.43412,24.97369,中華民國59年08月23日 03:38:51
99,元福美食品廠,99604287,新北市林口區中正路二五九號一樓,35838807,121.39046,25.07759,中華民國59年08月23日 03:38:51
100,品愿股份有限公司五股廠,99602377,新北市五股區五工三路一二一號,22727456,121.45424,25.06811,中華民國59年08月23日 03:38:51
101,銘洋食品冷凍股份有限公司,99619554,新北市五股區五權八路三三號,22997492,121.44858,25.06893,中華民國59年08月23日 03:38:51
102,振芳食品工廠,99611779,新北市新莊區福營路二二七巷四五及四七號,35325807,121.43044,25.02847,中華民國59年08月23日 03:38:51
103,美佳利蛋糕麵包廠,99618551,新北市新店區寶橋路二一二號,38060415,121.55106,24.97845,中華民國59年08月23日 03:38:51
104,五魚實業有限公司,99603566,新北市樹林區三俊街七四巷四四號,34685115,121.41382,25.0138,中華民國59年08月23日 03:38:51
105,宏鑫碾米廠,99617864,新北市中和區中正路一二０六巷四號,2377071,121.48032,25.01086,中華民國59年08月23日 03:38:51
106,漢軒食品廠股份有限公司,99689655,新北市新店區民權路九０巷三五號三樓,22748282,121.53642,24.98409,中華民國59年08月23日 03:38:51
107,晶品股份有限公司新莊廠,99602254,新北市五股區五工路一二六號,22394204,121.45126,25.06862,中華民國59年08月23日 03:38:51
108,譚少華食品廠有限公司,99619771,新北市汐止區南陽街一二０巷七號一、二樓,22318163,121.62392,25.06026,中華民國59年08月23日 03:38:51
109,海歷香食品廠,99616359,新北市新店區民權路九０巷三六號二樓,2288768,121.53656,24.9841,中華民國59年08月23日 03:38:51
110,統力食品企業股份有限公司樹林廠,99600505,新北市樹林區柑園街1段192號,34428046,121.39522,24.95662,中華民國59年08月23日 03:38:51
111,啓生食品工業股份有限公司,99615678,新北市中和區中山路3段136巷10弄10號,23391514,121.47436,25.00708,中華民國59年08月23日 03:38:51
112,益弘食品有限公司,99608963,新北市中和區中山路二段三四０巷四七號,80579290,121.49312,25.00398,中華民國59年08月23日 03:38:51
113,長旺興業有限公司,99615745,新北市中和區中山路二段三四０巷一九號,22370723,121.49344,25.00302,中華民國59年08月23日 03:38:51
114,仕維生股份有限公司汐止廠,99619901,新北市汐止區環河街一七六號,12487549,121.62812,25.05731,中華民國59年08月23日 03:38:51
115,新北食品股份有限公司,99617888,新北市三重區國道路1段59號,53683051,121.48113,25.07278,中華民國59年08月23日 03:38:51
116,立台食品工業股份有限公司,99618602,新北市三重區光華路59號,36286198,121.46713,25.05995,中華民國59年08月23日 03:38:51
117,正全製茶工廠,99615809,新北市三峽區竹崙里竹崙路一六號,34146530,121.42686,24.92264,中華民國59年08月23日 03:38:51
118,名泓實業股份有限公司,99603273,新北市五股區五權六路15號(1樓),23123623,121.44984,25.06492,中華民國59年08月23日 03:38:51
119,漢皇食品廠,99689367,新北市中和區景新街三二號一樓,66940503,121.50324,24.99933,中華民國59年08月23日 03:38:51
120,西北食品工業股份有限公司,99606358,新北市林口區粉寮路一段一０二號,5634685,121.39996,25.08179,中華民國59年08月23日 03:38:51
121,台芳香料化學股份有限公司,99602623,新北市新店區寶橋路二三五巷八號六樓,4987107,121.55182,24.98019,中華民國59年08月23日 03:38:51
122,詩特莉食品股份有限公司,99615096,新北市新店區寶橋路二三五巷一四號六樓,23225889,121.5515,24.98059,中華民國59年08月23日 03:38:51
123,仰南食品股份有限公司鶯歌廠,99616720,新北市鶯歌區八德路二巷三七弄一０號,23166158,121.33707,24.94634,中華民國59年08月23日 03:38:51
124,華信食品工業有限公司,99603478,新北市新莊區民安西路四六０巷二一號,22071226,121.43068,25.00762,中華民國59年08月23日 03:38:51
125,浩漢食品廠有限公司,99605088,新北市三重區中正北路五三０巷一七號,2090908,121.47181,25.07089,中華民國59年08月23日 03:38:51
126,得立食品股份有限公司,99604216,新北市新店區民權路四八之三號二樓,23516943,121.53973,24.98306,中華民國59年08月23日 03:38:51
127,明泉米粉廠,99610333,新北市新莊區民安西路四六０巷一三號,78217434,121.43085,25.00777,中華民國59年08月23日 03:38:51
128,虹旭企業有限公司,99689764,新北市汐止區福德一路三九二巷二二弄一四號,30922636,121.62762,25.06186,中華民國59年08月23日 03:38:51
129,煌輝食品企業有限公司,99613891,新北市樹林區中正路二六四巷一號,23689389,121.41748,25.00795,中華民國59年08月23日 03:38:51
130,立基食品股份有限公司瑞芳二廠,99602092,新北市瑞芳區傑興里頂坪路瑞芳工業區二一號,30888763,121.79093,25.09835,中華民國59年08月23日 03:38:51
131,丸郁食品冷凍股份有限公司,99600833,新北市瑞芳區頂坪路五四號,23467605,121.79301,25.10205,中華民國59年08月23日 03:38:51
132,寶之川股份有限公司土城廠,99617164,新北市土城區永豐路一九五巷七弄五號,16791438,121.47152,24.97919,中華民國59年08月23日 03:38:51
133,可愛食品有限公司,99616929,新北市汐止區福德一路三九二巷四一弄一四號,4835799,121.62588,25.0625,中華民國59年08月23日 03:38:51
134,南嘉有限公司台北廠,99619638,新北市汐止區福德一路三九二巷五號,11454725,121.62728,25.06108,中華民國59年08月23日 03:38:51
135,啟元食品廠,99604074,新北市淡水區民族路一一號,37112610,121.46042,25.13708,中華民國59年08月23日 03:38:51
136,瑞昶貿易股份有限公司五股廠,99600376,新北市五股區五工二路一一六巷九號,4310533,121.45536,25.07071,中華民國59年08月23日 03:38:51
137,琦美製冰股份有限公司,99608646,新北市三重區中興北街一０八號,22455659,121.46982,25.0486,中華民國59年08月23日 03:38:51
138,七味之友有限公司,99602416,新北市五股區五工五路四六號,22407989,121.44894,25.06742,中華民國59年08月23日 03:38:51
139,旺昌食品有限公司,99612252,新北市三重區新北大道2段139巷26號,16481377,121.46641,25.06054,中華民國59年08月23日 03:38:51
140,正泉豆腐工廠有限公司,99617579,新北市板橋區三民路一段一三八巷一一號一樓,84193473,121.47835,25.02042,中華民國59年08月23日 03:38:51
141,同祥有限公司,99610205,新北市新莊區中正路五一四巷五三弄一八號,23979599,121.43134,25.03371,中華民國59年08月23日 03:38:51
142,旭梅企業有限公司,99602039,新北市瑞芳區頂坪路九０號,31118948,121.79301,25.10205,中華民國59年08月23日 03:38:51
143,七星香料股份有限公司,99610185,新北市新莊區化成路一一巷八九弄一一號,4424206,121.46225,25.04299,中華民國59年08月23日 03:38:51
144,育力企業有限公司,99607867,新北市板橋區干城路一三九號二樓,86199472,121.45986,24.99329,中華民國59年08月23日 03:38:51
145,永好食品廠有限公司,99602717,新北市新莊區福營路一六五巷六號,86225268,121.43221,25.03078,中華民國59年08月23日 03:38:51
146,滋美企業有限公司,99613746,新北市板橋區重慶路二六九巷五一號,23839471,121.46483,24.99895,中華民國59年08月23日 03:38:51
147,聖風有限公司,99603505,新北市新莊區五權一路五號四樓之七,9431521,121.45793,25.06617,中華民國59年08月23日 03:38:51
148,今達食品有限公司,99614495,新北市五股區國道路3段8巷10號,23911894,121.46926,25.07466,中華民國59年08月23日 03:38:51
149,全壽龍實業有限公司,99608340,新北市新店區中正路四維巷八弄一三號四樓,23383269,121.53496,24.98459,中華民國59年08月23日 03:38:51
150,惠格實業有限公司,99618700,新北市汐止區大安街56巷14號,22585034,121.67819,25.0733,中華民國59年08月23日 03:38:51
151,振芳股份有限公司,99601954,新北市五股區五工六路19號,3341208,121.44965,25.06231,中華民國59年08月23日 03:38:51
152,日正食品工業股份有限公司深坑廠,99617126,新北市深坑區北深路三段一四一巷九號,22425683,121.6033,25.00218,中華民國59年08月23日 03:38:51
153,長隆食品股份有限公司,99606633,新北市板橋區信義路一六三巷四號三樓,86587493,121.45923,24.99264,中華民國59年08月23日 03:38:51
154,聯發國際餐飲事業股份有限公司,99604586,新北市蘆洲區國道路2段26號4樓,80676602,121.47448,25.07373,中華民國59年08月23日 03:38:51
155,百原食品有限公司,99616579,新北市五股區中興路1段61號、59號(1樓),16995453,121.46788,25.07255,中華民國59年08月23日 03:38:51
156,超人有限公司,99615794,新北市中和區中板路15巷1號3樓,89498349,121.48433,25.01148,中華民國59年08月23日 03:38:51
157,柏泰食品興業股份有限公司,99613503,新北市新店區中正路五四巷三十號五樓,38443032,121.5454,24.9706,中華民國59年08月23日 03:38:51
158,大同茶業股份有限公司土城廠,99601691,新北市土城區自強街二二號,7015204,121.43237,24.97145,中華民國59年08月23日 03:38:51
159,鬍鬚張股份有限公司五股廠,99602405,新北市五股區五工一路一０六號,22721208,121.45728,25.06981,中華民國59年08月23日 03:38:51
160,佳糧股份有限公司,99602026,新北市新莊區五權二路二四號之一,23517823,121.45855,25.06777,中華民國59年08月23日 03:38:51
161,愛欣食品有限公司,99601194,新北市淡水區八勢一街一號,89797986,121.45993,25.1561,中華民國59年08月23日 03:38:51
162,群賀食品企業有限公司,99690661,新北市中和區立德街二六巷五弄五號,84520716,121.48972,25.00727,中華民國59年08月23日 03:38:51
163,晉東食品工業有限公司,99610474,新北市土城區中央路三段一二六巷三六弄一號,84240525,121.43442,24.96809,中華民國59年08月23日 03:38:51
164,三益化工香料有限公司,99603380,新北市中和區建三路五七號七樓,22911946,121.48618,25.00179,中華民國59年08月23日 03:38:51
165,福亭食品工業有限公司,99615986,新北市土城區亞洲路四二號,84560168,121.43571,24.97393,中華民國59年08月23日 03:38:51
166,邱氏鼎食品企業股份有限公司土城廠,99600825,新北市土城區自強街三一之二及之三號,5135956,121.42906,24.96931,中華民國59年08月23日 03:38:51
167,味冠食品有限公司,99613750,新北市土城區永豐路一九五巷七弄三號,23394126,121.47125,24.97907,中華民國59年08月23日 03:38:51
168,源崑食品有限公司,99611483,新北市新莊區雙鳳路一０九號五樓,84591319,121.41393,25.02807,中華民國59年08月23日 03:38:51
169,偉翔生技開發股份有限公司,99606338,新北市三重區重新路5段609巷4號10樓,84643105,121.46774,25.04554,中華民國59年08月23日 03:38:51
170,鴻福食品工廠有限公司板橋二廠,99606943,新北市板橋區金門街三六九巷六五號,34440941,121.42905,24.98371,中華民國59年08月23日 03:38:51
171,魔術食品工業股份有限公司,99603098,新北市樹林區光興街六一號,23930626,121.41093,25.00275,中華民國59年08月23日 03:38:51
172,真味行食品股份有限公司,99601822,新北市三重區中興北街一００之五及之六號,89224475,121.4695,25.04676,中華民國59年08月23日 03:38:51
173,禮莊食品企業有限公司,99617240,新北市土城區承天路八巷一九號,16785180,121.43682,24.96309,中華民國59年08月23日 03:38:51
174,百健產物有限公司,99607332,新北市中和區中板路7之1號5樓,86416301,121.48477,25.01156,中華民國59年08月23日 03:38:51
175,高印企業有限公司,99614546,新北市樹林區三俊街七四巷一一號,36102902,121.41367,25.01554,中華民國59年08月23日 03:38:51
176,百正研化食品有限公司,99605806,新北市中和區中板路7之2號5樓,89840962,121.48477,25.01156,中華民國59年08月23日 03:38:51
177,億鄉有限公司,99611799,新北市三重區中興北街一三六巷二二號,89888509,121.46785,25.05587,中華民國59年08月23日 03:38:51
178,味都股份有限公司,99611829,新北市新莊區雙鳳路一０七號六樓,23615839,121.4141,25.02806,中華民國59年08月23日 03:38:51
179,助福食品有限公司,99601132,新北市樹林區東豐街49巷10號,86263776,121.41488,24.97505,中華民國59年08月23日 03:38:51
180,安佳隆美容事業股份有限公司新店二廠,99606897,新北市新店區中正路五三八巷一０號五樓,23456608,121.53441,24.98414,中華民國59年08月23日 03:38:51
181,益康企業股份有限公司五股廠,99602221,新北市新莊區五權一路七號七樓之一０,22454960,121.45834,25.06664,中華民國59年08月23日 03:38:51
182,狀元香食品有限公司汐止廠,99617638,新北市汐止區大同路一段二八六巷一三號,84268776,121.63534,25.05702,中華民國59年08月23日 03:38:51
183,洪牌食品股份有限公司︵樹林廠︶,99602546,新北市樹林區新興街一六號,86649771,121.40008,24.97368,中華民國59年08月23日 03:38:51
184,常饌食品股份有限公司,99606064,新北市中和區中正路八一六號,89797070,121.48501,25.00323,中華民國59年08月23日 03:38:51
185,超比食品企業股份有限公司,99618110,新北市汐止區大同路一段三０二巷六號,84791870,121.63595,25.05762,中華民國59年08月23日 03:38:51
186,鋒美食品實業有限公司,99607184,新北市樹林區東豐街四九巷二二弄二三號,96873782,121.41421,24.9747,中華民國59年08月23日 03:38:51
187,嘉禾食品有限公司,99615990,新北市三峽區嘉添里嘉添181之22號,23211077,121.38989,24.90277,中華民國59年08月23日 03:38:51
188,佳郁企業股份有限公司樹林廠,99606417,新北市樹林區東興街4巷8號,12542260,121.40882,24.97954,中華民國59年08月23日 03:38:51
189,今點食品股份有限公司三重廠,99608643,新北市三重區光復路一段九九巷九號,96936442,121.47301,25.05092,中華民國59年08月23日 03:38:51
190,鑫大盒餐實業有限公司,99690650,新北市土城區永豐路二七０巷一九弄一號地下層,23848680,121.47036,24.97676,中華民國59年08月23日 03:38:51
191,金寧食品有限公司,99603545,新北市土城區自強街三之二號二樓,89991742,121.42906,24.96931,中華民國59年08月23日 03:38:51
192,大丘店有限公司,99605617,新北市汐止區康寧街169巷27之1號4樓之3,89596192,121.62265,25.06877,中華民國59年08月23日 03:38:51
193,勤記食品股份有限公司土城廠,99604039,新北市土城區永豐路一九五巷二七弄二０、二二、二四號,86965848,121.47299,24.9801,中華民國59年08月23日 03:38:51
194,御禮烘焙事業有限公司,99619003,新北市汐止區新臺五路一段七五號一三樓之五,97021298,121.64561,25.06114,中華民國59年08月23日 03:38:51
195,永新興業有限公司,99610893,新北市新莊區思源路四二巷三號,28402096,121.46061,25.04365,中華民國59年08月23日 03:38:51
196,天水商行,99608591,新北市鶯歌區文化路五０一之二八號,78889679,121.35294,24.94871,中華民國59年08月23日 03:38:51
197,味味美食有限公司,99616830,新北市五股區中興路一段九五巷四弄三、五號,53697463,121.46619,25.07273,中華民國59年08月23日 03:38:51
198,超有有限公司,99690233,新北市三重區興德路一四一巷八、一０號,97252353,121.46952,25.05323,中華民國59年08月23日 03:38:51
199,古早食品有限公司板橋廠,99612974,新北市板橋區國慶路七號二樓,84845405,121.45776,24.99552,中華民國59年08月23日 03:38:51
200,弘繽企業有限公司,99607819,新北市汐止區康寧街169巷29號2樓之3,96949072,121.62264,25.06892,中華民國59年08月23日 03:38:51
201,北香製麵廠股份有限公司,99618481,新北市汐止區康寧街169巷23之1號1樓,97493064,121.62272,25.06821,中華民國59年08月23日 03:38:51
202,元記食品有限公司三重廠,99612376,新北市三重區光復路1段30巷2號,89317608,121.47161,25.04727,中華民國59年08月23日 03:38:51
203,唯力香食品有限公司,99612485,新北市三峽區嘉添181之32號(1、3號),16370648,121.37003,24.9114,中華民國59年08月23日 03:38:51
204,喬賀興業有限公司,99614866,新北市中和區立德街一四八巷六號六樓,22595265,121.48732,25.00873,中華民國59年08月23日 03:38:51
205,佳香食品行,99613939,新北市蘆洲區中山一路95巷22弄6號,19504754,121.47726,25.08037,中華民國59年08月23日 03:38:51
206,財翰企業股份有限公司土城廠,99609851,新北市土城區中央路三段一０號,96984176,121.43875,24.96959,中華民國59年08月23日 03:38:51
207,隆昌食品有限公司,99600288,新北市土城區中央路一段三六五巷一四號,89778221,121.44496,24.98038,中華民國59年08月23日 03:38:51
208,果大行有限公司蘆洲廠,99609222,新北市蘆洲區和平路一一四巷一０號,97438823,121.46837,25.08001,中華民國59年08月23日 03:38:51
209,義峰食品股份有限公司,99601267,新北市土城區忠義路55巷54號,84628110,121.44293,24.96736,中華民國59年08月23日 03:38:51
210,巃津企業有限公司,99616224,新北市中和區中板路15巷6號,89958407,121.48416,25.01144,中華民國59年08月23日 03:38:51
211,美又廉食品工業有限公司,99616792,新北市三重區中興北街175巷18號,70353842,121.4706,25.05608,中華民國59年08月23日 03:38:51
212,銘呈食品行,99609223,新北市中和區橋安街一九號二樓,30299288,121.49256,25.00409,中華民國59年08月23日 03:38:51
213,凱瑞生物科技股份有限公司,99603126,新北市新莊區化成路一四六號四樓、一二０號二樓,16543450,121.46549,25.04489,中華民國59年08月23日 03:38:51
214,佶露有限公司,99606469,新北市新莊區化成路124號及124號2樓,16994145,121.46584,25.04472,中華民國59年08月23日 03:38:51
215,爵信實業有限公司,99618135,新北市三重區三重市重新路五段六三五之二號七樓,97319586,121.48836,25.06083,中華民國59年08月23日 03:38:51
216,清芳實業股份有限公司汐止廠,99602119,新北市汐止區福德一路三五一巷一一弄一號三樓,70679679,121.62982,25.06119,中華民國59年08月23日 03:38:51
217,愛味香食品股份有限公司,99607604,新北市鶯歌區中正三路491巷7號,96862639,121.32105,24.93279,中華民國59年08月23日 03:38:51
218,穀豐食品工業有限公司鶯歌廠,99601624,新北市鶯歌區中正三路491巷3號,16928032,121.32084,24.93302,中華民國59年08月23日 03:38:51
219,佳美樂實業有限公司,99614419,新北市樹林區東大街166號及東順街91號,16783795,121.40938,24.97576,中華民國59年08月23日 03:38:51
220,香樂食品股份有限公司樹林廠,99603699,新北市樹林區大安路502號3樓之1、之4、之5,22219776,121.41394,24.98642,中華民國59年08月23日 03:38:51
221,奇軒有限公司,99604208,新北市新店區中正路五四三號二樓,84828089,121.53343,24.98702,中華民國59年08月23日 03:38:51
222,綠生技股份有限公司,99600252,新北市中和區立德街一００、一０二、一０六號四樓,13035571,121.48683,25.00837,中華民國59年08月23日 03:38:51
223,十倍速食品科技行,99611170,新北市新莊區中正路六五九之二號四樓,18455853,121.42777,25.03036,中華民國59年08月23日 03:38:51
224,裕益食品有限公司,99601410,新北市新店區中正路五三八巷六號五樓,97477732,121.53428,24.98398,中華民國59年08月23日 03:38:51
225,達美樂披薩股份有限公司台北廠,99614201,新北市新莊區中正路五四四號,86385187,121.43035,25.0315,中華民國59年08月23日 03:38:51
226,金泰瑞實業有限公司,99608254,新北市新店區中正路四維巷八弄五號五樓,70690909,121.53493,24.98506,中華民國59年08月23日 03:38:51
227,華漢冷凍食品工業股份有限公司五股廠,99603690,新北市五股區五工六路四七號,23902065,121.4461,25.06541,中華民國59年08月23日 03:38:51
228,上品咖啡業股份有限公司,99606360,新北市土城區大暖路一四八號,5182514,121.42382,24.95532,中華民國59年08月23日 03:38:51
229,新連茂食品有限公司中和廠,99616021,新北市中和區建六路六七巷三號,70710377,121.48667,25.00263,中華民國59年08月23日 03:38:51
230,珍品軒食品有限公司,99619616,新北市中和區立德街一一二號地下一樓,24394588,121.48728,25.00855,中華民國59年08月23日 03:38:51
231,宏遠國際餐飲股份有限公司五股廠,99600599,新北市五股區五權路四九號,25094980,121.45276,25.06911,中華民國59年08月23日 03:38:51
232,寶來發食品股份有限公司汐止廠,99601317,新北市汐止區福德一路三九二巷四二弄一七號,86511157,121.62761,25.06272,中華民國59年08月23日 03:38:51
233,民品有限公司中和廠,99689817,新北市中和區新民街一一二號五樓之九,23293844,121.48044,25.00837,中華民國59年08月23日 03:38:51
234,富華股份有限公司汐止廠,99605627,新北市汐止區保新街一五０號一樓、二樓,22729476,121.6882,25.0688,中華民國59年08月23日 03:38:51
235,柏諾食品股份有限公司,99600231,新北市三重區光華路46號,89591160,121.46751,25.05994,中華民國59年08月23日 03:38:51
236,陸仕企業股份有限公司台北廠,99601965,新北市瑞芳區頂坪路瑞芳工業區一二九號,83414913,121.79301,25.10205,中華民國59年08月23日 03:38:51
237,振芳股份有限公司五股廠,99600338,新北市五股區五工六路22號,3341208,121.44947,25.06299,中華民國59年08月23日 03:38:51
238,富信食品有限公司樹林廠,99600879,新北市樹林區東順街五七巷五號,12767773,121.41145,24.9773,中華民國59年08月23日 03:38:51
239,豐茂生技有機食品股份有限公司,99601312,新北市新莊區五權三路四號之二,12713860,121.45138,25.06222,中華民國59年08月23日 03:38:51
240,自然風生物科技有限公司食品廠,99602477,新北市樹林區柑園街二段一二二巷二號二樓,28744170,121.38436,24.95543,中華民國59年08月23日 03:38:51
241,中日藥品股份有限公司瑞芳廠,99601736,新北市瑞芳區頂坪路瑞芳工業區二九號,15045808,121.79301,25.10205,中華民國59年08月23日 03:38:51
242,鴻順食品有限公司,99602934,新北市八里區博物館路三一號二樓,54851409,121.41411,25.16271,中華民國59年08月23日 03:38:51
243,薪味香食品股份有限公司,99603192,新北市土城區永豐路一九五巷三五號,12993686,121.47527,24.97908,中華民國59年08月23日 03:38:51
244,仁德國際股份有限公司,99606222,新北市中和區中板路7之2號4樓,12910736,121.48477,25.01156,中華民國59年08月23日 03:38:51
245,勤大食品有限公司,99606373,新北市新莊區福營路一六五巷四二號之一、四四號一樓,70618718,121.43307,25.02962,中華民國59年08月23日 03:38:51
246,仕龍咖啡有限公司,99606798,新北市中和區員山路四六六巷二一弄三一號,96948545,121.48083,25.00757,中華民國59年08月23日 03:38:51
247,圓方達企業有限公司三重廠,99606727,新北市三重區新北大道2段260號4樓之3,84475682,121.46604,25.06172,中華民國59年08月23日 03:38:51
248,富凰企業股份有限公司五股廠,99606878,新北市新莊區五權二路二０號之一,12298913,121.45725,25.06656,中華民國59年08月23日 03:38:51
249,奇華股份有限公司五股廠,99607349,新北市五股區中興路1段10號7樓、7樓之1、之2、之3、之5、之6,12365601,121.46937,25.0728,中華民國59年08月23日 03:38:51
250,東阪國際股份有限公司,99607625,新北市中和區立德街148巷28、38、40號7樓,12713215,121.48655,25.00912,中華民國59年08月23日 03:38:51
251,青葉國際有限公司,99608470,新北市八里區龍米路二段二三二巷七號,79950412,121.43177,25.15918,中華民國59年08月23日 03:38:51
252,國義食品實業有限公司土城廠,99609744,新北市土城區承天路八三之一二號,16273694,121.44059,24.96273,中華民國59年08月23日 03:38:51
253,福和生鮮農產股份有限公司,99615345,新北市中和區連城路194巷4號,80142086,121.49199,24.99743,中華民國59年08月23日 03:38:51
254,葆祥實業有限公司,99619295,新北市鶯歌區中正三路491巷8號,84891060,121.32085,24.93278,中華民國59年08月23日 03:38:51
255,健逢生物科技企業有限公司（食品廠）,99619423,新北市鶯歌區建國路596巷68、70號(食品廠區)1樓、2樓,16194256,121.34094,24.95177,中華民國59年08月23日 03:38:51
256,太陽牧場食品製造廠,99619603,新北市深坑區北深路三段一五五巷二一號三樓,14876903,121.60217,25.00226,中華民國59年08月23日 03:38:51
257,大玉成食品工業股份有限公司,99689575,新北市淡水區北新路二段五八號,97077905,121.47837,25.18557,中華民國59年08月23日 03:38:51
258,嘉義食品工業股份有限公司,99690135,新北市中和區中正路九０七號,86761627,121.48365,25.00622,中華民國59年08月23日 03:38:51
259,羿品有限公司中和廠,99690824,新北市中和區建一路五號九樓,89643815,121.4882,25.00384,中華民國59年08月23日 03:38:51
260,堉敏股份有限公司三重廠,99690844,新北市三重區光復路一段六八巷二四弄一一號一樓,22606592,121.47082,25.04798,中華民國59年08月23日 03:38:51
261,四川土產股份有限公司鶯歌廠,99690892,新北市鶯歌區中正三路二三０巷一九之一號,27013400,121.32894,24.94077,中華民國59年08月23日 03:38:51
262,軍順食品有限公司三重廠,99690891,新北市三重區中正北路五三０巷一０號,79971211,121.47202,25.07043,中華民國59年08月23日 03:38:51
263,帛泉企業有限公司,99691225,新北市新店區中正路五三七號二樓,89462308,121.53342,24.98606,中華民國59年08月23日 03:38:51
264,壯元食品有限公司,99691303,新北市五股區五工三路一一六巷一四號一樓,16573973,121.45608,25.0689,中華民國59年08月23日 03:38:51
265,大得利家畜肉食品加工廠有限公司有效期限至中華民國102.6.24止,99691338,新北市新莊區環河路六九一號,86229519,121.46535,25.01217,中華民國59年08月23日 03:38:51
266,立商德有限公司,99691414,新北市中和區中山路二段三一五巷二號七樓,86016282,121.49403,25.00178,中華民國59年08月23日 03:38:51
267,泰霖豆腐工廠有限公司,99691503,新北市板橋區松柏街七五號一樓,23476822,121.47642,25.0307,中華民國59年08月23日 03:38:51
268,華建食品企業有限公司,99691696,新北市五股區五工三路一０七號三樓,79988228,121.45624,25.067,中華民國59年08月23日 03:38:51
269,博研生技有限公司泰山廠,99691717,新北市泰山區明志路一段一二二巷五九號,13132644,,,中華民國59年08月23日 03:38:51
270,英吉生物科技有限公司,99691768,新北市三重區中正北路一九三巷二一弄一五號,80423115,121.47752,25.07066,中華民國59年08月23日 03:38:51
271,宏騏烘焙食品行,99691766,新北市中和區中正路七六六號,80937141,121.48532,24.99964,中華民國59年08月23日 03:38:51
272,鏗達實業有限公司泰山廠,99691850,新北市泰山區泰林路二段二九二巷三號一樓,16265569,121.43119,25.06308,中華民國59年08月23日 03:38:51
273,順華藥品工業股份有限公司食品廠,99691867,新北市三峽區二鬮路186號,4610454,121.35833,24.90643,中華民國59年08月23日 03:38:51
274,上宏茂生物科技股份有限公司,99691936,新北市三重區中興北街一五０巷二六號,80542153,121.46783,25.05649,中華民國59年08月23日 03:38:51
275,統一超食代股份有限公司台北廠,99692065,新北市土城區土城工業區中興路16號,16791845,121.42509,24.96659,中華民國59年08月23日 03:38:51
276,永成蛋品股份有限公司林口廠,99692267,新北市林口區工四路一二號,12724851,121.40152,25.07811,中華民國59年08月23日 03:38:51
277,金醇食品有限公司,99692544,新北市汐止區福德一路407號1樓,70455664,121.62718,25.06022,中華民國59年08月23日 03:38:51
278,輝勵食品廠,99692550,新北市八里區埤頭里觀海大道二六八號,99438026,121.415,25.16229,中華民國59年08月23日 03:38:51
279,一豆實業有限公司,99692637,新北市土城區永平街40號1樓,80630206,121.42769,24.9607,中華民國59年08月23日 03:38:51
280,宗燁生物科技有限公司樹林廠,99692729,新北市樹林區大安路五二八號八樓,84204680,121.41366,24.98634,中華民國59年08月23日 03:38:51
281,同源國際科化股份有限公司,99692914,新北市新店區寶橋路154巷5號4樓、5號5樓及7號5樓,23175608,121.54883,24.97648,中華民國59年08月23日 03:38:51
282,超品召集令食品有限公司,99692977,新北市三重區中興北街六０巷一、三號,27302871,121.46819,25.05193,中華民國59年08月23日 03:38:51
283,留乃堂食品有限公司汐止廠,99693101,新北市汐止區福德一路392巷22弄12號,16180372,121.62755,25.06183,中華民國59年08月23日 03:38:51
284,溫師傅食品有限公司,99693130,新北市中和區錦和路37號,80461665,121.48684,25.00184,中華民國59年08月23日 03:38:51
285,三叔公食品股份有限公司土城廠,99693214,新北市土城區國際路五五號一、二樓,80076157,121.46674,24.97799,中華民國59年08月23日 03:38:51
286,波龍那食品有限公司中和廠,99693248,新北市中和區中正路一二二０巷九號,16070902,121.47972,25.01145,中華民國59年08月23日 03:38:51
287,喬麥屋企業有限公司,99693278,新北市樹林區東順街八０之二號一、二樓,34665271,121.40988,24.97745,中華民國59年08月23日 03:38:51
288,祿元企業有限公司,99693303,新北市新店區安豐路五四之一號五樓,1883971,121.4995,24.95436,中華民國59年08月23日 03:38:51
289,美吉食品有限公司,99693333,新北市淡水區民權路231號1樓,84274003,121.46092,25.12922,中華民國59年08月23日 03:38:51
290,醄醴有限公司,99693406,新北市新莊區五權一路五號七樓之七,27450204,121.46139,25.00775,中華民國59年08月23日 03:38:51
291,走遍天下食品有限公司,99693418,新北市瑞芳區頂坪路瑞芳工業區一三九號一樓,12891077,121.79301,25.10205,中華民國59年08月23日 03:38:51
292,全晟食品有限公司,99693416,新北市樹林區柑園街二段一二二巷一二號九樓,80699838,121.38386,24.95533,中華民國59年08月23日 03:38:51
293,華邑食品工廠,99693500,新北市樹林區東興街二之四號一樓,99792150,121.40901,24.97987,中華民國59年08月23日 03:38:51
294,樹森開發股份有限公司五股廠,99693537,新北市五股區五工一路一０一號,23148363,121.4576,25.06959,中華民國59年08月23日 03:38:51
295,亞美食品有限公司,99693600,新北市土城區承天路七一巷四弄三號一樓及五號一樓,80016068,121.44073,24.96354,中華民國59年08月23日 03:38:51
296,寬大食品有限公司新店一廠,99693681,新北市新店區民生路二九號,89899288,121.53276,24.98623,中華民國59年08月23日 03:38:51
297,台灣第一家有限公司土城廠,99693760,新北市土城區成功街二之一號,9484738,121.4257,24.96738,中華民國59年08月23日 03:38:51
298,長庚生物科技股份有限公司明志廠,99693822,新北市泰山區南泰路一號,16753096,121.42137,25.0395,中華民國59年08月23日 03:38:51
299,湘鄉食品有限公司,99693890,新北市汐止區福德一路四三０巷五號,12745672,121.62606,25.05997,中華民國59年08月23日 03:38:51
300,柏萊特國際股份有限公司,99693898,新北市新店區中正路四九三號五樓,70482212,121.53362,24.98283,中華民國59年08月23日 03:38:51
301,東爵企業有限公司樹林廠,99693993,新北市樹林區東順街107號,23044064,121.40835,24.97558,中華民國59年08月23日 03:38:51
302,兆陽食品行,99694160,新北市板橋區信義路一六三巷九、一一號二樓,20025373,121.45974,24.99248,中華民國59年08月23日 03:38:51
303,宣洋實業股份有限公司五股廠,99694224,新北市五股區五權路四二之一號三樓,84747208,121.45149,25.06796,中華民國59年08月23日 03:38:51
304,大安工研食品工廠股份有限公司淡水廠,99694305,新北市淡水區埤島里行忠路168號,3028426,121.45526,25.19984,中華民國59年08月23日 03:38:51
305,安立司食品有限公司,99694355,新北市樹林區樹中街六三號一樓,27778550,121.4213,24.98525,中華民國59年08月23日 03:38:51
306,品喀國際股份有限公司,99694374,新北市中和區中正路七三六號五樓之二、之三、之四,80149047,121.48555,24.99789,中華民國59年08月23日 03:38:51
307,韓寶國際企業有限公司,99694409,新北市泰山區新北大道6段401號2樓,27653741,121.42175,25.03207,中華民國59年08月23日 03:38:51
308,中興豆沙行,99694421,新北市三重區中正北路一九三巷三五弄四七號,99296309,121.47796,25.07121,中華民國59年08月23日 03:38:51
309,東穎食品實業有限公司,99694463,新北市中和區立德街九八巷八二號,27810539,121.48867,25.00818,中華民國59年08月23日 03:38:51
310,郭泉發食品工廠第一廠,99694543,新北市板橋區雙十路二段一三０巷二弄八０號及八０號一樓之一,33259107,121.47567,25.02911,中華民國59年08月23日 03:38:51
311,鑫格食品有限公司,99694618,新北市中和區中山路二段三一五巷六號（一樓）,54311348,121.49417,25.00145,中華民國59年08月23日 03:38:51
312,大佳麥有限公司,99694614,新北市中和區中正路一二０六巷八號一樓,80051705,121.48033,25.01104,中華民國59年08月23日 03:38:51
313,程美珍金食品有限公司,99694620,新北市中和區中板路47巷23號及2樓,27857631,121.48218,25.01092,中華民國59年08月23日 03:38:51
314,豐華食品股份有限公司,99694619,新北市五股區五工二路一０六巷五號二樓,27856865,121.4579,25.06886,中華民國59年08月23日 03:38:51
315,誠展食品有限公司,99694776,新北市中和區建六路五三號一、二樓,27854851,121.48599,25.00226,中華民國59年08月23日 03:38:51
316,三得冠股份有限公司深坑廠,99694797,新北市深坑區北深路三段二六六號二樓,13048225,121.59874,25.00479,中華民國59年08月23日 03:38:51
317,富一食品企業股份有限公司,99694844,新北市五股區五權三路二四號一樓,22379175,121.45373,25.06478,中華民國59年08月23日 03:38:51
318,弘燁實業股份有限公司,99694928,新北市三重區光復路2段90號,12821474,121.47194,25.05764,中華民國59年08月23日 03:38:51
319,登峰食品有限公司,99694927,新北市淡水區中正東路一段三巷三七號、四三號、四五號八樓,70651342,121.45221,25.16587,中華民國59年08月23日 03:38:51
320,鼎耀食品股份有限公司新店廠,99694965,新北市新店區寶橋路二三五巷一四號一樓,22161107,121.5515,24.98059,中華民國59年08月23日 03:38:51
321,貴族世家企業股份有限公司土城廠,99695011,新北市土城區沛陂里一六鄰中興路一七號（一、二、三樓）,89496779,121.42509,24.96659,中華民國59年08月23日 03:38:51
322,祥立食品有限公司樹林廠,99695045,新北市樹林區三龍街九七號一樓,84801413,121.41681,25.01842,中華民國59年08月23日 03:38:51
323,萬通食品廠股份有限公司汐止廠,99695061,新北市汐止區福德一路三四二巷二弄一號五樓之一、七號五樓,84116096,121.62943,25.06325,中華民國59年08月23日 03:38:51
324,萊爾富國際股份有限公司五股廠,99695077,新北市五股區五工六路15號1樓,23285582,121.44989,25.06212,中華民國59年08月23日 03:38:51
325,名記豆腐有限公司新莊廠,99695115,新北市新莊區復興路三段五０號一、二樓,27578700,121.46176,25.04444,中華民國59年08月23日 03:38:51
326,台新食品有限公司,99695302,新北市土城區亞洲路五八巷三弄一二號,70603200,121.4346,24.97356,中華民國59年08月23日 03:38:51
327,一之軒食品有限公司新店廠,99695426,新北市新店區復興路一一一號六樓,22751743,121.53417,24.98778,中華民國59年08月23日 03:38:51
328,中生生技製藥股份有限公司淡水二廠,99695463,新北市淡水區埤島里行忠路70號,4883172,121.45044,25.19884,中華民國59年08月23日 03:38:51
329,禾家宜有限公司,99695509,新北市土城區永豐路一九五巷七弄一號一、二樓,29131847,121.47185,24.97889,中華民國59年08月23日 03:38:51
330,范記天下素食有限公司,99695521,新北市中和區立德街五二巷一七號一樓,27868763,121.48829,25.00823,中華民國59年08月23日 03:38:51
331,日意實業有限公司,99695544,新北市樹林區新興街三七巷九號二、三樓,23244957,121.40202,24.97257,中華民國59年08月23日 03:38:51
332,禾品企業有限公司,99695595,新北市樹林區備內街四五號,28070842,121.41235,24.98726,中華民國59年08月23日 03:38:51
333,紅杉有限公司,99695606,新北市新店區寶高路7巷4號1樓,80616921,121.5519,24.97809,中華民國59年08月23日 03:38:51
334,嘉軒食品廠有限公司,99695702,新北市土城區日新街三三巷七號一、三樓,28147194,121.44323,24.98738,中華民國59年08月23日 03:38:51
335,素仚食品有限公司,99695723,新北市樹林區東豐街四九巷八弄二九號一樓,28091059,121.41387,24.97516,中華民國59年08月23日 03:38:51
336,強富食品股份有限公司,99695767,新北市三重區光復路二段四二巷三九號五樓,28145267,121.46933,25.05461,中華民國59年08月23日 03:38:51
337,祈光訊息能科技有限公司,99695802,新北市土城區中央路3段76巷22號1樓,27369176,121.43591,24.96821,中華民國59年08月23日 03:38:51
338,珍典食品有限公司,99695805,新北市中和區中山路二段三八０巷三三號一樓,28323001,121.49074,25.00487,中華民國59年08月23日 03:38:51
339,一德立食品有限公司,99695855,新北市中和區中山路二段六０六號一樓,28350962,121.48177,25.00542,中華民國59年08月23日 03:38:51
340,第一分道山葵店有限公司,99695876,新北市中和區中板路18巷2弄16號,22596406,121.48447,25.01201,中華民國59年08月23日 03:38:51
341,來來食品廠,99695939,新北市汐止區大安街五六巷三三弄七號一樓,9654613,121.67835,25.07411,中華民國59年08月23日 03:38:51
342,沅德企業社,99695971,新北市深坑區萬福里北深路三段二七０巷一一號二樓,9729641,121.59877,25.00554,中華民國59年08月23日 03:38:51
343,吉又祥食品有限公司,99696029,新北市中和區錦和路二五號二、三樓,28377821,121.48641,25.00278,中華民國59年08月23日 03:38:51
344,風城製麵有限公司一廠,99696184,新北市新店區民權路一０八號地下一樓、一０八之一號地下一樓、一０八之三號地下一樓,89987162,121.53567,24.98298,中華民國59年08月23日 03:38:51
345,尚冠冷凍食品有限公司瑞芳廠,99696209,新北市瑞芳區大埔路有勝二村二一號一樓,86658270,121.76563,25.10211,中華民國59年08月23日 03:38:51
346,媽媽家食品企業有限公司新莊廠,99696210,新北市新莊區五權二路二０號七樓之三,89457728,121.45725,25.06656,中華民國59年08月23日 03:38:51
347,大政素食國際有限公司,99696275,新北市樹林區東興街六巷一六、一八號一、二樓,28025777,121.40878,24.97887,中華民國59年08月23日 03:38:51
348,味仙餐飲有限公司,99696450,新北市泰山區德安街一九號,12897044,121.41884,25.03149,中華民國59年08月23日 03:38:51
349,財欣食品有限公司,99696537,新北市汐止區大同路一段三０二巷二０號一樓及夾層,28335597,121.63632,25.05717,中華民國59年08月23日 03:38:51
350,驊珍食品有限公司,99696584,新北市三重區重新路一段九九號,36160796,121.50077,25.06339,中華民國59年08月23日 03:38:51
351,嘉展食品廠有限公司,99696665,新北市新店區寶橋路二三五巷六弄一號一樓,28649892,121.5522,24.9805,中華民國59年08月23日 03:38:51
352,安堡食品有限公司,99696714,新北市土城區中央路二段三九四巷八號一樓,27491373,121.43831,24.97165,中華民國59年08月23日 03:38:51
353,新台統食品有限公司,99696727,新北市三芝區大片頭八三之一八號一樓,28106243,121.46011,25.24626,中華民國59年08月23日 03:38:51
354,三商烘焙食品股份有限公司深坑廠,99696725,新北市深坑區北深路三段二七０巷一六號之三,28454657,121.59915,25.00597,中華民國59年08月23日 03:38:51
355,元健觀音亭素食批發行,99696807,新北市樹林區中正路二三四巷一六號一樓,99295126,121.41868,25.0075,中華民國59年08月23日 03:38:51
356,泓霖食品工業有限公司,99696827,新北市土城區承天路71巷4弄21號,27670452,121.44159,24.96319,中華民國59年08月23日 03:38:51
357,旭揚食品工業股份有限公司,99696852,新北市中和區建一路九三巷一號五樓,28664350,121.48843,25.00226,中華民國59年08月23日 03:38:51
358,美堤食品有限公司,99696871,新北市汐止區康寧街一六三號一、二、三樓,97313611,121.62246,25.06698,中華民國59年08月23日 03:38:51
359,福商勝蛋品有限公司,99696888,新北市新莊區後港一路二０二號一樓,16255719,121.43326,25.02829,中華民國59年08月23日 03:38:51
360,巧味多企業有限公司,99696904,新北市中和區立德街一０七號六樓,89787523,121.48581,25.00864,中華民國59年08月23日 03:38:51
361,集好佳興業有限公司（新店廠）,99696900,新北市新店區寶橋路二三五巷一三號一樓,16688791,121.55106,24.98082,中華民國59年08月23日 03:38:51
362,青商有限公司樹林廠,99696938,新北市樹林區忠信街三號一樓,27981744,121.40902,25.01514,中華民國59年08月23日 03:38:51
363,雪之戀食品有限公司,99696937,新北市土城區國際路五五號三樓,54836055,121.46674,24.97799,中華民國59年08月23日 03:38:51
364,竑品食品股份有限公司,99696962,新北市三重區光復路一段八三巷九號一０樓,28199468,121.47321,25.05013,中華民國59年08月23日 03:38:51
365,康禾興業股份有限公司,99697021,新北市中和區中山路三段一一０號四樓之四,80078943,121.47674,25.00646,中華民國59年08月23日 03:38:51
366,寶艦企業有限公司,99697029,新北市汐止區康寧街一六九巷二七之一號五樓之一、五樓之二,23237317,121.62265,25.06877,中華民國59年08月23日 03:38:51
367,蜂蜜蜜蜂咖啡豆有限公司鶯歌廠,99697063,新北市鶯歌區二甲路二０之三號一樓,30873797,121.34087,24.93729,中華民國59年08月23日 03:38:51
368,科捷生物科技股份有限公司汐止廠,99697072,新北市汐止區康寧街153號6樓,28002660,121.62238,25.06779,中華民國59年08月23日 03:38:51
369,香華天股份有限公司興仁廠,99697101,新北市淡水區頂田寮路145號3樓,80189440,121.46202,25.2164,中華民國59年08月23日 03:38:51
370,台灣景兆豐股份有限公司汐止廠,99697102,新北市汐止區大安街五六巷二四號一、二、三樓,16759248,121.67846,25.07351,中華民國59年08月23日 03:38:51
371,元本食品行,99697109,新北市樹林區光明街一０號一樓,95892516,121.41104,24.98917,中華民國59年08月23日 03:38:51
372,中原食品工業開發股份有限公司三峽二廠,99697200,新北市三峽區正義街一八號一樓,22640634,121.36923,24.91893,中華民國59年08月23日 03:38:51
373,海津企業股份有限公司,99697230,新北市汐止區大同路一段三三七巷一六弄三九號,20906849,121.6369,25.06133,中華民國59年08月23日 03:38:51
374,苦行生化科技有限公司員山廠,99697236,新北市中和區員山路五０六號三樓,80072151,121.47941,25.00863,中華民國59年08月23日 03:38:51
375,韓松貿易有限公司,99697310,新北市五股區五權八路三九號一樓,80189510,121.4489,25.0693,中華民國59年08月23日 03:38:51
376,睿森生物科技有限公司,99718018,新北市三重區重新路五段639之1、639之2、639之3號5樓,80553427,121.46679,25.04341,中華民國59年08月23日 03:38:51
377,明宜食品有限公司,99718022,新北市樹林區俊英街一一六巷九號,12725824,121.4278,25.00588,中華民國59年08月23日 03:38:51
378,歐立食品股份有限公司三重廠,99718036,新北市三重區光復路二段一六號一樓,9499839,121.47194,25.05397,中華民國59年08月23日 03:38:51
379,京工興業有限公司,99718035,新北市中和區新民街九四巷一二號一樓,70738122,121.48136,25.00874,中華民國59年08月23日 03:38:51
380,鄭家香食品有限公司,99718091,新北市中和區立德街九八巷六四號一樓,27402724,121.48817,25.00856,中華民國59年08月23日 03:38:51
381,成長事業有限公司,99718126,新北市五股區工商路六０號一樓,28908187,121.43909,25.08438,中華民國59年08月23日 03:38:51
382,逢興生物科技股份有限公司中和廠,99718182,新北市中和區立德街一四八巷二六號四樓,12954810,121.48688,25.00896,中華民國59年08月23日 03:38:51
383,惟朵食品有限公司,99718261,新北市汐止區大同路一段三０二巷一八號一樓,28912485,121.6362,25.0573,中華民國59年08月23日 03:38:51
384,上果食品有限公司,99718301,新北市中和區建康路一七四號五樓,80137252,121.49053,24.99981,中華民國59年08月23日 03:38:51
385,紅飛股份有限公司,99718348,新北市新店區中正路四維巷二弄六號四樓,16491277,121.5344,24.98492,中華民國59年08月23日 03:38:51
386,美食達人股份有限公司新莊廠,99718372,新北市新莊區五權三路12巷3號1樓及3樓,27617149,121.45296,25.06303,中華民國59年08月23日 03:38:51
387,舒麥爾食品有限公司中和廠,99718390,新北市中和區中板路18巷1弄19號1、2樓,23832688,121.48337,25.01251,中華民國59年08月23日 03:38:51
388,伂橙股份有限公司,99718415,新北市五股區五權六路26號(3、4、5樓),86017536,121.45127,25.06578,中華民國59年08月23日 03:38:51
389,得記食品有限公司新店廠,99718422,新北市新店區中正路四維巷二弄一號四樓,4605797,121.53417,24.98524,中華民國59年08月23日 03:38:51
390,大登食品有限公司新店廠,99718452,新北市新店區寶橋路二三五巷六弄五號一樓,22718772,121.55192,24.9808,中華民國59年08月23日 03:38:51
391,麗米檢驗科技有限公司中和廠,99718474,新北市中和區建康路一五六號一樓,28577877,121.49034,25.0,中華民國59年08月23日 03:38:51
392,育啟食品有限公司土城廠,99718487,新北市土城區中華路一段五六巷二五號一樓,28749442,121.44442,24.98954,中華民國59年08月23日 03:38:51
393,核綠旺食品科技股份有限公司,99718501,新北市中和區連城路二二二巷六弄八號一樓,28370664,121.49112,24.99784,中華民國59年08月23日 03:38:51
394,太允國際股份有限公司,99718570,新北市板橋區信義路一六三巷九號四樓,12889831,121.45964,24.99259,中華民國59年08月23日 03:38:51
395,直欣食品有限公司五股廠,99718637,新北市五股區五權路一九號一樓,34426384,121.449,25.06598,中華民國59年08月23日 03:38:51
396,高格工業有限公司五股廠,99718731,新北市新莊區五權一路五號六樓之五,23898576,121.45793,25.06617,中華民國59年08月23日 03:38:51
397,雅傳企業有限公司,99718771,新北市樹林區東豐街四九之一號,86487500,121.41511,24.97549,中華民國59年08月23日 03:38:51
398,祥榮生物科技有限公司,99718924,新北市土城區永豐路一九五巷二七弄三二號,29112052,121.47268,24.9804,中華民國59年08月23日 03:38:51
399,板田實業有限公司,99718901,新北市樹林區備內街五二之二號,80396757,121.41211,24.98764,中華民國59年08月23日 03:38:51
400,豆穌朋食品股份有限公司,99718930,新北市新店區寶興路45巷6弄10號(1樓、2樓),13101895,121.55096,24.97412,中華民國59年08月23日 03:38:51
401,羽恩有限公司新莊廠,99718956,新北市新莊區五權一路三號八樓之六,28856625,121.45739,25.06559,中華民國59年08月23日 03:38:51
402,正茂食品有限公司三重廠,99718967,新北市三重區自強路四段一０號一樓,70530994,121.48838,25.07631,中華民國59年08月23日 03:38:51
403,盛源食品原料股份有限公司,99719061,新北市三峽區溪東路86號1樓,4674421,121.40265,24.9341,中華民國59年08月23日 03:38:51
404,益合國際股份有限公司,99719155,新北市五股區五權路三九號地下一樓、一樓、二樓,80610671,121.45187,25.06891,中華民國59年08月23日 03:38:51
405,統賀冷凍食品有限公司,99719175,新北市三重區中正北路五三０巷一八號一樓,84515538,121.47203,25.06948,中華民國59年08月23日 03:38:51
406,金龍億食品有限公司,99719183,新北市中和區建八路一三一號（一樓）,80650363,121.48995,24.99867,中華民國59年08月23日 03:38:51
407,威翰麵包工廠,99719235,新北市汐止區福德一路四三五號,30352255,121.62627,25.05941,中華民國59年08月23日 03:38:51
408,永兆豐股份有限公司三重廠,99719243,新北市三重區中正北路193巷21弄39號,27788810,121.47859,25.07091,中華民國59年08月23日 03:38:51
409,欣洲食品有限公司,99719262,新北市三重區國道路1段67號1樓,80737489,121.48073,25.07278,中華民國59年08月23日 03:38:51
410,唯一行食業股份有限公司五股廠,99719281,新北市五股區五權三路二四號三之五樓,35340321,121.45373,25.06478,中華民國59年08月23日 03:38:51
411,委鵬實業有限公司,99719282,新北市土城區慶祥街七七號一樓,89892264,121.43529,24.97226,中華民國59年08月23日 03:38:51
412,野村食品企業股份有限公司淡水廠,99719330,新北市淡水區下圭柔山七六之八號,84468726,121.4429,25.20544,中華民國59年08月23日 03:38:51
413,品元實業股份有限公司仁愛廠,99719324,新北市八里區仁愛路122號1樓,80657892,121.41006,25.15903,中華民國59年08月23日 03:38:51
414,萬得富實業股份有限公司,99719389,新北市土城區亞洲路108巷12號,28863442,121.43379,24.97271,中華民國59年08月23日 03:38:51
415,韋樺有限公司深坑廠,99719394,新北市深坑區北深路三段一五五巷一七號八樓,89455144,121.60232,25.00247,中華民國59年08月23日 03:38:51
416,遠冠股份有限公司中和廠,99719424,新北市中和區連城路２２２巷２弄２號１、２樓,70840941,121.49134,24.99702,中華民國59年08月23日 03:38:51
417,吳記蛋品有限公司,99719463,新北市三峽區隆恩街一六三號一、二樓,96964517,121.36247,24.94269,中華民國59年08月23日 03:38:51
418,禾膳食號,99719470,新北市板橋區和平路24巷12號1樓,82091491,121.46051,24.99386,中華民國59年08月23日 03:38:51
419,鴻皓國際有限公司八里廠,99719538,新北市八里區忠孝路170號2樓,79987918,121.42344,25.16092,中華民國59年08月23日 03:38:51
420,皇登企業有限公司,99719553,新北市汐止區大安街五二巷一三號,27875434,121.67845,25.07313,中華民國59年08月23日 03:38:51
421,糖坊食品有限公司,99719589,新北市新店區中正路五０一之一二號五樓,12866990,121.53358,24.98362,中華民國59年08月23日 03:38:51
422,萬灃國際有限公司深坑廠,99719600,新北市深坑區北深路三段一五五巷七號八樓,23723598,121.60261,25.00285,中華民國59年08月23日 03:38:51
423,貝克利有限公司,99719592,新北市五股區五工五路二四號一樓,80481254,121.4521,25.06479,中華民國59年08月23日 03:38:51
424,台灣司麥爾食品股份有限公司,99719614,新北市五股區五工六路七六號,24422579,121.4487,25.07,中華民國59年08月23日 03:38:51
425,鮮到味有限公司,99719648,新北市三重區中興北街四二號一、二樓及四二巷九號,24386258,121.46907,25.06161,中華民國59年08月23日 03:38:51
426,金吉王食品股份有限公司五股廠,99719663,新北市五股區五工六路五一號二樓,28194040,121.44602,25.06679,中華民國59年08月23日 03:38:51
427,如頤有限公司,99719693,新北市中和區建八路一二三號一樓,25042908,121.48966,24.99875,中華民國59年08月23日 03:38:51
428,明津食品有限公司,99719695,新北市三重區中興北街104巷19號1樓,42697888,121.46813,25.05444,中華民國59年08月23日 03:38:51
429,豐強食品有限公司,99719731,新北市樹林區俊英街一三二號二樓,80072146,121.42723,25.00593,中華民國59年08月23日 03:38:51
430,紘一實業有限公司三重廠,99719749,新北市三重區光復路2段42巷15號1、2、3樓,86202244,121.47094,25.05492,中華民國59年08月23日 03:38:51
431,紅象食品有限公司,99719760,新北市板橋區信義路一六三巷四號一樓,25053714,121.45923,24.99264,中華民國59年08月23日 03:38:51
432,大亞新紀企業有限公司泰山廠,99719788,新北市泰山區明志路三段五一三號一０樓,12858226,121.42116,25.03203,中華民國59年08月23日 03:38:51
433,陞邦食品技術開發有限公司,99719846,新北市汐止區中興路一八三巷四號四樓,28185154,121.62826,25.06586,中華民國59年08月23日 03:38:51
434,麗多國際生技股份有限公司,99719868,新北市新店區中正路五０一之一一號三樓,70363187,121.53358,24.98362,中華民國59年08月23日 03:38:51
435,名佳香食品行,99719865,新北市土城區亞洲路一一巷一弄三一號一樓,30301860,121.43594,24.97198,中華民國59年08月23日 03:38:51
436,尚頂好食品廠新店廠,99719882,新北市新店區寶興路四五巷八弄一六號一樓,49925248,121.55083,24.9747,中華民國59年08月23日 03:38:51
437,長合發商行,99719896,新北市三重區中興北街四二巷一八號（一、二樓）,30308408,121.46907,25.04918,中華民國59年08月23日 03:38:51
438,新閎食品股份有限公司,99719934,新北市三峽區橫溪路九五號,89690801,121.39865,24.93548,中華民國59年08月23日 03:38:51
439,欣威西點麵包工廠,99719963,新北市三重區新北大道2段76號1、2樓,29275463,121.47047,25.06167,中華民國59年08月23日 03:38:51
440,海樂國際有限公司五股廠,99725646,新北市五股區五權三路一五號,25066210,121.45219,25.06367,中華民國59年08月23日 03:38:51
441,通記食品有限公司,99725682,新北市新莊區化成路五五四巷二號一、二樓,80732392,121.46662,25.05383,中華民國59年08月23日 03:38:51
442,阿多瑪生化科技有限公司一廠,99725700,新北市淡水區中正東路一段三巷三一號六樓,25102779,121.45192,25.1656,中華民國59年08月23日 03:38:51
443,廣晟食品股份有限公司,99725734,新北市泰山區泰林路二段306巷7號1、2、3樓,25014874,121.43092,25.06339,中華民國59年08月23日 03:38:51
444,尚鱻食品有限公司,99725754,新北市三重區中興北街二四七巷一六號一樓,29147284,121.46988,25.05934,中華民國59年08月23日 03:38:51
445,府城事業有限公司,99725771,新北市樹林區三俊街八一巷二一、二三號一、二樓,80042214,121.41567,25.01644,中華民國59年08月23日 03:38:51
446,三協成食品有限公司,99725792,新北市淡水區奎柔山路256號1、2樓,24251580,121.45639,25.20509,中華民國59年08月23日 03:38:51
447,藍海國際餐飲股份有限公司五股廠,99725833,新北市五股區五工六路24號（1、2、3、4樓）,27730677,121.4492,25.06336,中華民國59年08月23日 03:38:51
448,兩班家有限公司汐止廠,99725954,新北市汐止區福德一路三九二巷二二弄二八、三０號一、二樓,27332404,121.6281,25.06161,中華民國59年08月23日 03:38:51
449,甲品香食品有限公司,99725955,新北市樹林區鎮前街二六九巷二一號一樓,29142035,121.4198,24.98517,中華民國59年08月23日 03:38:51
450,四季齋食品有限公司樹林廠,99725982,新北市樹林區中山路二段一五一巷一四弄二三號,16334453,121.40698,24.97693,中華民國59年08月23日 03:38:51
451,簪香食品有限公司,99726030,新北市新店區寶橋路二三五巷六弄三號二樓,97092413,121.55212,24.98058,中華民國59年08月23日 03:38:51
452,青海生物科技股份有限公司,99726048,新北市新莊區五權一路五號之七(一樓),29155158,121.45793,25.06617,中華民國59年08月23日 03:38:51
453,施百得利食品有限公司,99726103,新北市樹林區大安路五四八號九樓,29139432,121.41324,24.98533,中華民國59年08月23日 03:38:51
454,維昌食品有限公司土城廠,99726115,新北市土城區永豐路一九五巷二七弄一六號三樓,28881271,121.4733,24.98014,中華民國59年08月23日 03:38:51
455,銀杏生物科技有限公司中和廠,99726129,新北市中和區建一路三號四樓,86729492,121.4882,25.00396,中華民國59年08月23日 03:38:51
456,元宜州食品有限公司,99726128,新北市三重區光華路五二號一樓,29176941,121.46779,25.05973,中華民國59年08月23日 03:38:51
457,小潘蛋糕坊,1000070,新北市板橋區信義路163巷4號9樓,26131858,121.45923,24.99264,中華民國59年08月23日 03:38:51
458,大新食品有限公司,1000112,新北市土城區中山路51號,53180430,121.42778,24.96576,中華民國59年08月23日 03:38:51
459,松村實業有限公司,1000129,新北市新莊區民安路420巷1號之8,80406137,121.43186,25.02216,中華民國59年08月23日 03:38:51
460,滿盈食品有限公司五股廠,1000181,新北市五股區五工二路106巷7號1樓,53092561,121.45814,25.06895,中華民國59年08月23日 03:38:51
461,威斯登食品有限公司,1000202,新北市新莊區新樹路501號之1(1、3、4樓),29171740,121.4328,25.01155,中華民國59年08月23日 03:38:51
462,金軒揚食品有限公司,1000203,新北市中和區錦和路30號(1、2樓),12716851,121.48684,25.00134,中華民國59年08月23日 03:38:51
463,承恩食品企業股份有限公司,1000231,新北市中和區橋安街1號2樓,80587411,121.49267,25.00312,中華民國59年08月23日 03:38:51
464,耕耘川有限公司,1000235,新北市新莊區化成路314巷26號1樓,27442113,121.46714,25.04863,中華民國59年08月23日 03:38:51
465,小南門食品有限公司,1000260,新北市中和區中山路2段340巷35號1、2、3樓,28544068,121.49325,25.00362,中華民國59年08月23日 03:38:51
466,盛蒼企業有限公司,65000016,新北市中和區中山路3段120之10號9樓,70450859,121.47569,25.00605,中華民國59年08月23日 03:38:51
467,仲輝食品有限公司,65000019,新北市三重區中正北路315巷6弄35號,53192956,121.47593,25.07203,中華民國59年08月23日 03:38:51
468,晶盈食品有限公司,65000020,新北市汐止區福德一路381巷10號1樓,80286371,121.62827,25.06042,中華民國59年08月23日 03:38:51
469,弘泉食品行,65000026,新北市三重區重新路2段36巷14號1樓,26511338,121.4997,25.06243,中華民國59年08月23日 03:38:51
470,新山食品股份有限公司,65000828,新北市汐止區福德一路430巷27號5樓,53199971,121.62497,25.06015,中華民國59年08月23日 03:38:51
471,建鹽企業有限公司,65000059,新北市八里區博物館路199號3樓,16168406,121.40548,25.15621,中華民國59年08月23日 03:38:51
472,王記府城肉粽有限公司汐止廠,65000174,新北市汐止區大同路3段369巷36號1樓,53111005,121.67628,25.07385,中華民國59年08月23日 03:38:51
473,逢興生物科技股份有限公司二廠,65000225,新北市中和區立德街148巷58號4樓,12954810,121.48621,25.00929,中華民國59年08月23日 03:38:51
474,美力香食品股份有限公司,65000261,新北市土城區復興街5號1樓、2樓,53210379,121.42648,24.96795,中華民國59年08月23日 03:38:51
475,新力香食品有限公司二廠,65000283,新北市三峽區介壽路一段318巷17號1樓,16186501,121.38115,24.92933,中華民國59年08月23日 03:38:51
476,唯意食品企業有限公司,65000299,新北市三芝區古庄里四棧橋53之10號1樓,53186820,121.48422,25.26539,中華民國59年08月23日 03:38:51
477,清香號沙茶食品有限公司,65000316,新北市新莊區福營路97巷13號1樓,25123731,121.43493,25.0319,中華民國59年08月23日 03:38:51
478,台光食品行,65000320,新北市三重區仁華街78號1樓及1樓夾層,99417227,121.48472,25.08304,中華民國59年08月23日 03:38:51
479,風華食品有限公司,65000337,新北市新莊區新樹路69之96號1樓,28561164,121.43785,25.02774,中華民國59年08月23日 03:38:51
480,甘泉生物科技有限公司,65000405,新北市新店區中正路560巷2號3、4樓,24206501,121.53406,24.98717,中華民國59年08月23日 03:38:51
481,燕莊實業有限公司,65000435,新北市中和區員山路504號4樓之5,28488050,121.47955,25.0081,中華民國59年08月23日 03:38:51
482,宏遠國際餐飲股份有限公司五股二廠,65000436,新北市五股區五權路54號,25094980,121.45412,25.06907,中華民國59年08月23日 03:38:51
483,三義食品工廠,65000480,新北市樹林區三俊街199巷12弄7號1、2樓,19516695,121.42065,25.01643,中華民國59年08月23日 03:38:51
484,薩摩亞商客來喜餐飲股份有限公司台灣分公司,65000483,新北市新店區復興路45號4樓、5樓、6樓,28427006,121.53676,24.98689,中華民國59年08月23日 03:38:51
485,王德興茶業股份有限公司,65000496,新北市中和區橋和路56號6樓,80288981,121.48943,25.00508,中華民國59年08月23日 03:38:51
486,卡羅國際企業股份有限公司,65000530,新北市汐止區康寧街157、159、161號7樓,14015243,121.6223,25.06716,中華民國59年08月23日 03:38:51
487,吉翔食品有限公司,65000585,新北市中和區員山路506巷17號1、2樓,28131382,121.4805,25.00909,中華民國59年08月23日 03:38:51
488,雅傳企業有限公司樹林廠,65000606,新北市樹林區太平路8號1樓,86487500,121.41841,24.98476,中華民國59年08月23日 03:38:51
489,醇味食品有限公司,65000608,新北市瑞芳區大寮路114之1號,53226175,121.78044,25.09805,中華民國59年08月23日 03:38:51
490,生發號農產有限公司,65000615,新北市淡水區北投子77之1號1樓,27746925,121.45832,25.17923,中華民國59年08月23日 03:38:51
491,豪仕達食品企業有限公司,65000676,新北市三重區光復路2段88巷41號1樓,80187978,121.46991,25.05742,中華民國59年08月23日 03:38:51
492,陽銘有限公司淡水廠,65000683,新北市淡水區口湖子1之8號1樓,89632319,121.4763,25.18857,中華民國59年08月23日 03:38:51
493,澎富企業有限公司,65000734,新北市中和區員山路506-1號3樓,28445089,121.47941,25.00863,中華民國59年08月23日 03:38:51
494,日鴻食品有限公司,65000735,新北市板橋區和平路15號2樓,53417131,121.45986,24.9946,中華民國59年08月23日 03:38:51
495,紘裕食品股份有限公司,65000742,新北市三峽區介壽路1段276巷5號1樓,24370489,121.38041,24.92815,中華民國59年08月23日 03:38:51
496,派特芙德有限公司,65000750,新北市新店區寶橋路154巷5號2樓,24488635,121.54883,24.97648,中華民國59年08月23日 03:38:51
497,維格餅家股份有限公司,65000787,新北市五股區成泰路1段87號(2、3樓)及87之1號(4、5樓),80490319,121.43502,25.06879,中華民國59年08月23日 03:38:51
498,英屬蓋曼群島商花蓮香股份有限公司台灣分公司新店廠,65000793,新北市新店區寶中路95之3號3樓,53000036,121.54872,24.98076,中華民國59年08月23日 03:38:51
499,奕瑪國際行銷股份有限公司,65000807,新北市新莊區五權一路9號7樓之3,12777300,121.45891,25.06727,中華民國59年08月23日 03:38:51
500,顓陽實業有限公司,65000829,新北市新莊區中正路566號1、2樓,28192021,121.4277,25.03062,中華民國59年08月23日 03:38:51
501,東崎健康生技有限公司,65000857,新北市中和區立德街148巷10號7樓,24258676,121.4872,25.00879,中華民國59年08月23日 03:38:51
502,邰港科技股份有限公司(淡水一廠),65000872,新北市淡水區中正東路1段3巷39號10樓,20833311,121.45211,25.16603,中華民國59年08月23日 03:38:51
503,史瑞克商行,65000893,新北市泰山區明志路3段513號2樓,9634526,121.42116,25.03203,中華民國59年08月23日 03:38:51
504,重門製茶工廠,65000906,新北市石門區石門里內石門79號,37091805,121.56625,25.26001,中華民國59年08月23日 03:38:51
505,傳統集美餐飲有限公司,65000967,新北市新莊區中正路25號1樓,53222754,121.46379,25.04086,中華民國59年08月23日 03:38:51
506,台灣壹番屋股份有限公司,65001021,新北市中和區橋安街11號1樓,12665635,121.49266,25.00361,中華民國59年08月23日 03:38:51
507,吉美食品廠樹林廠,65001055,新北市樹林區八德街492巷5號1、2樓,34110272,121.40028,24.97088,中華民國59年08月23日 03:38:51
508,維宏食品有限公司,65001070,新北市中和區連城路134巷3號1、2、3樓及5號1樓,28752001,121.49542,24.99961,中華民國59年08月23日 03:38:51
509,旭鴻國際企業有限公司,65001093,新北市新店區寶興路45巷8弄2號4樓,25120729,121.55001,24.97456,中華民國59年08月23日 03:38:51
510,上島食品股份有限公司土城廠,65001130,新北市土城區日新街33巷15號1、2樓,80164927,121.44279,24.98725,中華民國59年08月23日 03:38:51
511,泰鄉食品廠有限公司,T6500066,新北市三峽區添福里2鄰15-14號,25144172,121.38095,24.8972,中華民國59年08月23日 03:38:51
512,旺默食品企業有限公司,65001161,新北市土城區忠承路91、95號1樓及81、83、85、87、91、95、99號4樓,27391590,121.43897,24.96478,中華民國59年08月23日 03:38:51
513,山本旺實業有限公司,65001165,新北市三峽區嘉添181之15號（1、2樓）,80654641,121.37003,24.9114,中華民國59年08月23日 03:38:51
514,士峯食品有限公司,T6500072,新北市新店區柴埕路60巷15-3號,86946630,121.5083,24.9646,中華民國59年08月23日 03:38:51
515,鑫記食品行,T6500085,新北市樹林區福順街43號1樓,9880744,121.4159,24.97868,中華民國59年08月23日 03:38:51
516,金福臻生技有限公司,65001271,新北市中和區建康路59號1樓,53466505,121.48686,25.00067,中華民國59年08月23日 03:38:51
517,薩摩亞商巧詣有限公司台灣分公司,65001295,新北市汐止區康寧街161、163號4樓,53016451,121.62246,25.06698,中華民國59年08月23日 03:38:51
518,長宏醫藥生技股份有限公司,65001310,新北市五股區五權七路24號6樓,25137313,121.44864,25.06656,中華民國59年08月23日 03:38:51
519,上將食品有限公司,65001313,新北市新莊區幸福東路86號1、2、3樓、90號、92號,53685810,121.46401,25.04953,中華民國59年08月23日 03:38:51
520,鮮機食品生技股份有限公司,65001345,新北市新莊區福營路240號1樓,53679161,121.42665,25.0292,中華民國59年08月23日 03:38:51
521,久翔食品股份有限公司,65001372,新北市樹林區武林街16號之1(1~2樓)，16之2號1樓,54728577,121.42087,25.00348,中華民國59年08月23日 03:38:51
522,魯都香食品有限公司,65001387,新北市樹林區三龍街94巷20號1、2樓,53437636,121.41436,25.01789,中華民國59年08月23日 03:38:51
523,匯芯農產品商業有限公司,65001420,新北市樹林區民權街5巷19弄8號,53464611,121.39563,24.95863,中華民國59年08月23日 03:38:51
524,丹鐠實業有限公司,65001448,新北市樹林區俊安街24巷10弄8號(1樓),70534458,121.41885,25.01416,中華民國59年08月23日 03:38:51
525,益品食品有限公司,65001465,新北市汐止區長安路179號1樓,53685001,121.67187,25.0773,中華民國59年08月23日 03:38:51
526,賀業有限公司,65001526,新北市新莊區福營路227巷33號1、2樓,23071527,121.4303,25.02907,中華民國59年08月23日 03:38:51
527,高涓科技有限公司,65001537,新北市新莊區新樹路67巷46號1樓,28129246,121.44097,25.03051,中華民國59年08月23日 03:38:51
528,幸福溫度食品股份有限公司,65001541,新北市林口區工三路4號2樓,53699238,121.40075,25.07947,中華民國59年08月23日 03:38:51
529,祥禾食品有限公司樹林廠,65001561,新北市樹林區東順街90巷13號1樓,80208501,121.40832,24.97655,中華民國59年08月23日 03:38:51
530,喜之坊食品有限公司汐止廠,65001579,新北市汐止區南陽街121巷17號1、2樓,22870754,121.62495,25.06093,中華民國59年08月23日 03:38:51
531,永爗企業有限公司,65001591,新北市新莊區化成路389巷33號1、2樓,86454748,121.46339,25.05799,中華民國59年08月23日 03:38:51
532,拉瑞亞有限公司,65001593,新北市深坑區北深路3段270巷16號2樓之5、之6,70377252,121.59915,25.00597,中華民國59年08月23日 03:38:51
533,新北市坪林區農會(茶產品加工場),T6500167,新北市坪林區坪林里坪林路102號,38045604,121.71284,24.94237,中華民國59年08月23日 03:38:51
534,忠義實業有限公司,65001604,新北市樹林區八德街280巷3號1、2樓,28552926,121.41048,24.97042,中華民國59年08月23日 03:38:51
535,千翔食品有限公司,65001618,新北市三重區興德路131巷32號1、2、3樓,86469910,121.46973,25.05401,中華民國59年08月23日 03:38:51
536,豪記川野食品有限公司蘆洲廠,65001623,新北市蘆洲區和平路51號(1、2樓),25083581,121.47051,25.07906,中華民國59年08月23日 03:38:51
537,光享實業有限公司,65001649,新北市中和區中山路2段327巷11弄2號4樓,53103194,121.4938,25.00072,中華民國59年08月23日 03:38:51
538,憶仙實業有限公司板橋廠,T6500179,新北市板橋區文化路一段285巷2弄19號1樓,89584718,121.46424,25.01944,中華民國59年08月23日 03:38:51
539,麥德凱生科股份有限公司,65001661,新北市淡水區中正東路1段3巷41號7樓,27651835,121.45247,25.16569,中華民國59年08月23日 03:38:51
540,立盛食品有限公司,65001676,新北市蘆洲區國道路2段115號1、2樓,80460743,121.47026,25.07491,中華民國59年08月23日 03:38:51
541,馬克老爹有限公司,65001693,新北市汐止區大同路1段302巷22號1樓,24378068,121.6364,25.05705,中華民國59年08月23日 03:38:51
542,春保食品股份有限公司,65001706,新北市新店區寶興路53號5樓,53097691,121.54978,24.9728,中華民國59年08月23日 03:38:51
543,每一天調理食品有限公司樹林廠,T6500201,新北市樹林區八德街343號2至3樓,27878100,121.41856,24.97367,中華民國59年08月23日 03:38:51
544,耆盛企業股份有限公司,65001778,新北市樹林區八德街280巷3號3樓,84342380,121.41048,24.97042,中華民國59年08月23日 03:38:51
545,芬斯特股份有限公司新店廠,65001784,新北市新店區中正路501-16號5樓,27602672,121.53358,24.98362,中華民國59年08月23日 03:38:51
546,西德有機化學藥品股份有限公司五股二廠,65001795,新北市五股區五工六路56號2、3、4樓,35152903,121.44763,25.06874,中華民國59年08月23日 03:38:51
547,樸實股份有限公司,65001796,新北市三重區中正北路518號6樓,53212799,121.47205,25.07174,中華民國59年08月23日 03:38:51
548,冠庭國際股份有限公司三重廠,65001821,新北市三重區重新路5段609巷14號之12(1樓),53530529,121.46737,25.04614,中華民國59年08月23日 03:38:51
549,德開利有限公司,65001823,新北市新店區寶興路45巷6弄11號3樓,28556964,121.5509,24.97428,中華民國59年08月23日 03:38:51
550,美食家點心坊,T6500232,新北市五股區西雲路290號,21554723,121.4497,25.09902,中華民國59年08月23日 03:38:51
551,憶仙實業有限公司,T6500234,新北市樹林區柑園街一段33巷6號1樓,89584718,121.40374,24.95971,中華民國59年08月23日 03:38:51
552,雄鼎食品行,T6500245,新北市樹林區大安路145巷16號1、2樓,14735799,121.42253,24.99644,中華民國59年08月23日 03:38:51
553,福星食品有限公司,65001841,新北市三重區興德路141巷1號及3號(各1、2、3樓),86526638,121.46971,25.05307,中華民國59年08月23日 03:38:51
554,振頤軒食品企業有限公司,65001847,新北市樹林區光興街91之2號1、2樓,53428502,121.40934,25.00257,中華民國59年08月23日 03:38:51
555,錦發製麵工坊,65001848,新北市新莊區思源路43巷11號1樓,26744688,121.45936,25.03985,中華民國59年08月23日 03:38:51
556,富陽生技有限公司,65001872,新北市八里區龍米路1段96號2樓、3樓,53928534,121.45423,25.12451,中華民國59年08月23日 03:38:51
557,八方雲集國際股份有限公司,65001883,新北市淡水區水源里水梘頭42之1號(1、2、3、4樓),70472679,121.44104,25.16949,中華民國59年08月23日 03:38:51
558,糖藝食品股份有限公司泰山廠,65001887,新北市泰山區新北大道6段397、409號7樓,53685419,121.42141,25.03213,中華民國59年08月23日 03:38:51
559,國鼎生物科技股份有限公司淡水二廠,65001900,新北市淡水區中正東路1段3巷9號4樓、11號4樓之1,80280616,121.45174,25.16551,中華民國59年08月23日 03:38:51
560,阜康食品有限公司,65001902,新北市五股區中興路2段9巷30號1樓,27752593,121.46296,25.07244,中華民國59年08月23日 03:38:51
561,楊堃興業有限公司,65001937,新北市新莊區雙鳳路111號6樓,86285357,121.41386,25.02808,中華民國59年08月23日 03:38:51
562,永淇麵包店,65001952,新北市淡水區淡金路3段280之1號1樓,99094134,121.44893,25.20698,中華民國59年08月23日 03:38:51
563,津川良製股份有限公司,65001953,新北市汐止區中興路31號6樓,66556850,121.63462,25.06177,中華民國59年08月23日 03:38:51
564,虹宴餐飲股份有限公司,65001975,新北市新莊區後港一路145、147號(2樓),53422541,121.43095,25.02793,中華民國59年08月23日 03:38:51
565,全滋稻食品有限公司中和廠,65001979,新北市中和區中山路2段340巷57號1、2樓,53693396,121.49295,25.00452,中華民國59年08月23日 03:38:51
566,金蕎食品有限公司,65001987,新北市中和區連城路222巷2弄5號2樓,27831746,121.49155,24.99724,中華民國59年08月23日 03:38:51
567,鴻福食品工廠有限公司,T6500296,新北市板橋區金門街369巷63-1號(前段),34440941,121.43346,24.99515,中華民國59年08月23日 03:38:51
568,富澄御坊股份有限公司,65002024,新北市土城區中華路1段56巷13號1、2樓,53696041,121.44506,24.98903,中華民國59年08月23日 03:38:51
569,韓蜜食品有限公司,65002025,新北市鶯歌區二甲路中心巷13弄2號1、2、3樓,27899750,121.33767,24.9353,中華民國59年08月23日 03:38:51
570,廣珍企業有限公司,65002027,新北市三重區中興北街150巷32號1樓,16942879,121.46755,25.05637,中華民國59年08月23日 03:38:51
571,有泰香料化學股份有限公司,65002033,新北市樹林區俊英街224巷1號1、2、3樓,9418745,121.42529,25.01034,中華民國59年08月23日 03:38:51
572,承威企業有限公司,65002036,新北市汐止區大安街56巷7弄15號1、2樓,23295701,121.67743,25.07365,中華民國59年08月23日 03:38:51
573,鼎珍食品工業股份有限公司,65002045,新北市新莊區後港一路198號,79980555,121.43305,25.02826,中華民國59年08月23日 03:38:51
574,小潘蛋糕坊板橋一廠,65002050,新北市板橋區和平路29號5樓,26131858,121.45986,24.99562,中華民國59年08月23日 03:38:51
575,盈浜企業有限公司土城廠,65002076,新北市土城區承天路67號1至3樓,70604138,121.43963,24.96343,中華民國59年08月23日 03:38:51
576,裕昌肉品有限公司,65002123,新北市蘆洲區正和街63巷24號1、2樓,80005301,121.46926,25.08044,中華民國59年08月23日 03:38:51
577,青潭源泉企業社,T6500334,新北市樹林區柑園街一段157號1樓,66953507,121.40039,24.95813,中華民國59年08月23日 03:38:51
578,揚明食品有限公司,65002270,新北市樹林區中山路2段151巷15弄10號1樓,54016140,121.40797,24.97716,中華民國59年08月23日 03:38:51
579,艾隆餐飲股份有限公司,65002145,新北市林口區工五路2之1號,53716969,121.40171,25.07875,中華民國59年08月23日 03:38:51
580,阿婆鐵蛋有限公司,65002175,新北市淡水區中正東路1段3巷21、23號8樓,25151335,121.45188,25.16592,中華民國59年08月23日 03:38:51
581,士平企業有限公司新莊廠,65002188,新北市新莊區新樹路67巷8號1樓,28774568,121.43971,25.03007,中華民國59年08月23日 03:38:51
582,馬可先生食品企業有限公司台北廠,65002192,新北市三重區國道路1段68號1樓及69號1樓,27410800,121.48066,25.0728,中華民國59年08月23日 03:38:51
583,力尹食品有限公司,65002193,新北市汐止區福德一路342巷2弄3號4樓,29166731,121.62964,25.0633,中華民國59年08月23日 03:38:51
584,丞儲國際有限公司,65002202,新北市汐止區大同路3段322號1樓,54033112,121.67904,25.07102,中華民國59年08月23日 03:38:51
585,金夆食品有限公司,65002203,新北市中和區連城路134巷1號(1樓),54049199,121.49556,24.99932,中華民國59年08月23日 03:38:51
586,芬芳烹材股份有限公司山佳廠,65002243,新北市樹林區中山路2段151巷23號(1~2樓),84503548,121.40799,24.97786,中華民國59年08月23日 03:38:51
587,生興莊食品行,65002246,新北市新店區中興路2段218巷8號1樓,48781551,121.54883,24.97498,中華民國59年08月23日 03:38:51
588,統一多拿滋股份有限公司土城廠,65002248,新北市土城區中興路20號1、2、3樓,27359304,121.42563,24.96637,中華民國59年08月23日 03:38:51
589,阿默企業有限公司,65002283,新北市土城區忠承路83、87、91、95號2、3樓,16602990,121.43897,24.96478,中華民國59年08月23日 03:38:51
590,雅式小西點坊,T6500353,新北市土城區延壽路77巷3-2號1樓及地下一樓,99432466,121.46907,24.99255,中華民國59年08月23日 03:38:51
591,德揚食品有限公司,65002318,新北市三峽區嘉添225之2號1樓,28525196,121.36996,24.9103,中華民國59年08月23日 03:38:51
592,順順食品有限公司,65002321,新北市淡水區中正東路2段69之11號2樓,29180797,121.45958,25.15458,中華民國59年08月23日 03:38:51
593,潞華實業有限公司新莊廠,65002348,新北市新莊區思源路109巷3號2樓,27663847,121.45917,25.04198,中華民國59年08月23日 03:38:51
594,蕃老爹有限公司,65002351,新北市新店區寶中路78號4樓,54178600,121.54831,24.98054,中華民國59年08月23日 03:38:51
595,妙吉食品廠,65002793,新北市土城區中央路2段390巷33號1樓,26522882,121.43829,24.97213,中華民國59年08月23日 03:38:51
596,四季甜煮食品有限公司八里廠,65002386,新北市八里區觀海大道241號1樓,25035815,121.41732,25.16269,中華民國59年08月23日 03:38:51
597,源森興業有限公司,65002402,新北市中和區立德街148巷2號4樓,53434602,121.48737,25.00871,中華民國59年08月23日 03:38:51
598,香喜富企業有限公司,65002417,新北市中和區中板路15巷11號5樓,54278158,121.4844,25.01118,中華民國59年08月23日 03:38:51
599,廣昇股份有限公司五股廠,65002428,新北市新莊區五權一路9號8樓之3,54169503,121.45891,25.06727,中華民國59年08月23日 03:38:51
600,亞多夢股份有限公司,65002431,新北市三重區中正北路508巷77號1樓,53724216,121.47257,25.06929,中華民國59年08月23日 03:38:51
601,亞永實業股份有限公司,65002435,新北市新店區寶興路45巷8弄1號4樓,5066108,121.55022,24.97477,中華民國59年08月23日 03:38:51
602,金界粿行,T6500374,新北市三重區福田里自由街61號1樓,18271378,121.47821,25.06655,中華民國59年08月23日 03:38:51
603,振發食品行,T6500375,新北市三重區頂崁街217巷8號1樓,26753519,121.47799,25.06771,中華民國59年08月23日 03:38:51
604,元鯕股份有限公司,65002463,新北市中和區連城路114號1樓,53115419,121.49615,24.99967,中華民國59年08月23日 03:38:51
605,舍利蓮有限公司福德廠,65002466,新北市汐止區福德一路310巷7弄1之3號,53190789,121.63083,25.06367,中華民國59年08月23日 03:38:51
606,原企有限公司,65002472,新北市三重區大勇街82巷26弄29號1樓,24489016,121.47846,25.07211,中華民國59年08月23日 03:38:51
607,匠菓子食品生技有限公司,65002473,新北市汐止區福德一路405巷2號1樓,54274028,121.62734,25.05999,中華民國59年08月23日 03:38:51
608,翔鶴糖廍有限公司,65002496,新北市八里區博物館路203號1樓,54277685,121.40536,25.15609,中華民國59年08月23日 03:38:51
609,慶桐食品有限公司,65002541,新北市汐止區福德一路421巷15號1、2樓、17號1、2樓,54273920,121.62716,25.05939,中華民國59年08月23日 03:38:51
610,御軒食品有限公司土城廠,65002546,新北市土城區日新街37之1號,25021397,121.44408,24.98789,中華民國59年08月23日 03:38:51
611,典藏藝術家庭股份有限公司,65002592,新北市土城區中央路3段76巷49弄12號,70555447,121.43475,24.96908,中華民國59年08月23日 03:38:51
612,優質澱粉有限公司,65002593,新北市林口區文化二路2段379號(1樓及夾層),28587740,121.38161,25.08696,中華民國59年08月23日 03:38:51
613,羿碩興業有限公司,65002596,新北市樹林區柑園街2段122巷5號2樓,54058160,121.38424,24.95541,中華民國59年08月23日 03:38:51
614,苦行生化科技有限公司土城廠,65002597,新北市土城區自強街11巷3號4樓,80072151,121.42975,24.97031,中華民國59年08月23日 03:38:51
615,王師父食品有限公司,65002605,新北市中和區立德街52巷6號2樓,96873381,121.48861,25.00779,中華民國59年08月23日 03:38:51
616,台灣通用磨坊股份有限公司,65002607,新北市土城區中山路12號1樓、2樓、3樓、4樓,86384960,121.41734,24.96199,中華民國59年08月23日 03:38:51
617,金品源食品工廠,65002617,新北市中和區建八路164巷2號1、2樓,31421408,121.49009,24.99832,中華民國59年08月23日 03:38:51
618,六張犂饅頭有限公司,65002663,新北市深坑區北深路3段155巷15、17號(1樓),54369066,121.60232,25.00247,中華民國59年08月23日 03:38:51
619,統一聖娜多堡股份有限公司五股廠,65002667,新北市五股區五工二路124號3樓,70790935,121.4553,25.07028,中華民國59年08月23日 03:38:51
620,米力股份有限公司,65002669,新北市三重區光復路2段196巷6號2樓,27953944,121.46993,25.06256,中華民國59年08月23日 03:38:51
621,成勝生物科技有限公司,65002670,新北市板橋區干城路162號1樓,54231838,121.46064,24.99192,中華民國59年08月23日 03:38:51
622,禧月有限公司,65002674,新北市中和區中山路二段327巷15號3樓,54049276,121.49343,25.0006,中華民國59年08月23日 03:38:51
623,旭輝食品興業有限公司,65002692,新北市樹林區樹中街63號2樓,54283954,121.4213,24.98525,中華民國59年08月23日 03:38:51
624,大得利家畜肉食品加工廠有限公司,T6500392,新北市新莊區環漢路3段525號,86229519,121.43517,25.00266,中華民國59年08月23日 03:38:51
625,派帝食品有限公司,65002739,新北市樹林區光興街63巷12號1、2樓,54297063,121.41051,25.00219,中華民國59年08月23日 03:38:51
626,章富昌食品有限公司,T6500394,新北市三峽區嘉添里嘉添109-2號,89808338,121.38989,24.90277,中華民國59年08月23日 03:38:51
627,葵果股份有限公司,65002753,新北市中和區中山路2段389號9樓,16775063,121.48681,25.00472,中華民國59年08月23日 03:38:51
628,冠閎實業有限公司,65002764,新北市新莊區化成路83巷60號1樓及2樓,25037428,121.46242,25.04667,中華民國59年08月23日 03:38:51
629,鎧逸企業股份有限公司,T6500395,新北市三峽區中華路74-1號,5182958,121.3715,24.92954,中華民國59年08月23日 03:38:51
630,明軒食品有限公司,65002768,新北市鶯歌區中正三路156巷33弄6、7號(1、2樓),54283568,121.33287,24.93973,中華民國59年08月23日 03:38:51
631,多米多食品有限公司,65002788,新北市五股區中興路1段46巷4號(1樓),54312867,121.46828,25.07297,中華民國59年08月23日 03:38:51
632,台灣和華貿易有限公司,65002791,新北市中和區建八路2號4樓之4,54303332,121.48619,24.99833,中華民國59年08月23日 03:38:51
633,豆工房咖啡商行,65002798,新北市汐止區福德一路393巷8號1樓,99984306,121.62779,25.06027,中華民國59年08月23日 03:38:51
634,康喜軒食品有限公司,T6500399,新北市三峽區中華路74-5號,16992857,121.3715,24.92954,中華民國59年08月23日 03:38:51
635,屹兆莊企業有限公司,65002813,新北市蘆洲區長興路353號1樓,84699395,121.46078,25.09107,中華民國59年08月23日 03:38:51
636,福寶貿易有限公司,65002829,新北市中和區建八路162號1樓,29137455,121.49011,24.99849,中華民國59年08月23日 03:38:51
637,恆新股份有限公司,65002836,新北市林口區粉寮路二段458之1號(二樓),3319108,121.40428,25.09926,中華民國59年08月23日 03:38:51
638,源廣興食品有限公司石碇廠,T6500400,新北市石碇區彭山里崩山3之3號,80319350,121.67621,24.97503,中華民國59年08月23日 03:38:51
639,千賓香精原料有限公司,65002921,新北市新店區中正路四維巷8弄7號2樓、9號2樓,3049203,121.53494,24.98487,中華民國59年08月23日 03:38:51
640,智捷實業有限公司,65002922,新北市新莊區化成路370、372、374號1樓,89707015,121.466,25.04984,中華民國59年08月23日 03:38:51
641,米塔汐止食品有限公司,65002933,新北市汐止區環河街166號,54302045,121.62832,25.05755,中華民國59年08月23日 03:38:51
642,綠指南貿易有限公司,65002934,新北市板橋區信義路163巷5號10樓,89864289,121.45938,24.99289,中華民國59年08月23日 03:38:51
643,維喆禮坊股份有限公司,65002976,新北市中和區立業路83巷1號3樓,54696667,121.49141,25.00725,中華民國59年08月23日 03:38:51
644,稷馨企業有限公司,65002999,新北市汐止區康寧街169巷29號12樓之2,54271465,121.62264,25.06892,中華民國59年08月23日 03:38:51
645,良菓生化科技股份有限公司,65003004,新北市新店區寶宏路7號3樓,54692563,121.54938,24.97611,中華民國59年08月23日 03:38:51
646,沅哲有限公司,65003031,新北市林口區粉寮路二段24號1、2、3樓,12692534,121.40294,25.08628,中華民國59年08月23日 03:38:51
647,德利發食品有限公司,65003061,新北市中和區錦和路134號(2樓),80159797,121.4893,24.99803,中華民國59年08月23日 03:38:51
648,香好佳有限公司,65003062,新北市新莊區中正路853之2號4樓,54700965,121.42014,25.02802,中華民國59年08月23日 03:38:51
649,崴騏手工蛋糕坊有限公司中和廠,65003065,新北市中和區中正路774號3樓,28490957,121.48528,25.00007,中華民國59年08月23日 03:38:51
650,翔椿生技有限公司,65003067,新北市三峽區中園街106之5號1、2樓,54311749,121.36717,24.92311,中華民國59年08月23日 03:38:51
651,塔皮歐卡食品行,65003073,新北市新莊區民樂街42號1樓,37889197,121.45801,25.04127,中華民國59年08月23日 03:38:51
652,珍食堡實業股份有限公司,65003088,新北市三重區興德路90、92號7樓,24466647,121.47309,25.05322,中華民國59年08月23日 03:38:51
653,尚大立食品實業有限公司,65003128,新北市新莊區新樹路244巷80號1樓,70521777,121.43108,25.02036,中華民國59年08月23日 03:38:51
654,原振冷凍食品有限公司,65003148,新北市三重區中正北路193巷35弄90號,16903551,121.47909,25.07162,中華民國59年08月23日 03:38:51
655,薩摩亞商寶宏國際實業股份有限公司台灣分公司,65003186,新北市瑞芳區明燈路3段209號,27944495,121.80063,25.11072,中華民國59年08月23日 03:38:51
656,台灣塩野香料股份有限公司二廠,65003211,新北市新莊區頭前路93號,3561504,121.46519,25.05233,中華民國59年08月23日 03:38:51
657,彥臣生技藥品股份有限公司,65003218,新北市五股區五權八路45號(4樓),12676817,121.44919,25.06968,中華民國59年08月23日 03:38:51
658,坤禾食品有限公司,65003237,新北市樹林區八德街31號1樓,53703681,121.41844,24.98387,中華民國59年08月23日 03:38:51
659,雅聖食品行,T6500408,新北市土城區裕生路21巷2弄24、26號1樓,78893499,121.44804,24.98638,中華民國59年08月23日 03:38:51
660,洺林食品有限公司,65003262,新北市三峽區中園街108之1號1樓,54707165,121.36717,24.92304,中華民國59年08月23日 03:38:51
661,韋冠實業有限公司,65003270,新北市深坑區北深路三段276號6樓,70447095,121.59796,25.00507,中華民國59年08月23日 03:38:51
662,仙華生機農業股份有限公司,65003276,新北市八里區龍米路1段138巷2號,24243750,121.45327,25.12567,中華民國59年08月23日 03:38:51
663,金記食品有限公司,65003280,新北市三重區疏洪西路246號3、4樓,16305582,121.47426,25.0599,中華民國59年08月23日 03:38:51
664,雅旭食品有限公司,65003287,新北市土城區慶祥街79號1樓,54689510,121.43526,24.97222,中華民國59年08月23日 03:38:51
665,樂儂食品股份有限公司,65003293,新北市新店區中正路501-17號5樓,54689841,121.53358,24.98362,中華民國59年08月23日 03:38:51
666,豪紳企業社,65003300,新北市三重區中正北路191巷3弄5號1樓,10086245,121.47771,25.06979,中華民國59年08月23日 03:38:51
667,華森健康國際有限公司(俊英廠),65003330,新北市樹林區俊英街81巷61之2號(1樓),16678864,121.42283,25.00703,中華民國59年08月23日 03:38:51
668,台灣艾諾特生物科技有限公司,65003349,新北市樹林區佳園路2段15巷6弄9號1~2樓,28193128,121.3929,24.96316,中華民國59年08月23日 03:38:51
669,森騰實業有限公司,65003353,新北市新莊區化成路195巷26號2樓,24539873,121.46363,25.05071,中華民國59年08月23日 03:38:51
670,味都股份有限公司新莊廠,65003369,新北市新莊區福營路145巷34號,23615839,121.43321,25.03069,中華民國59年08月23日 03:38:51
671,祿大食品有限公司,65003387,新北市三重區中興北街特137之2號(1樓),25122640,121.46932,25.05126,中華民國59年08月23日 03:38:51
672,龍達食品有限公司,65003395,新北市中和區建三路67號(1樓),54053284,121.48622,25.00148,中華民國59年08月23日 03:38:51
673,發全台企業社,T6500430,新北市五股區民義路1段287巷16號之22樓,49923213,121.42278,25.08896,中華民國59年08月23日 03:38:51
674,眾味元有限公司,65003417,新北市樹林區忠信街15號6樓,24313262,121.40782,25.01525,中華民國59年08月23日 03:38:51
675,豐華企業股份有限公司,65003457,新北市三重區三和路4段103-1號8樓,54724903,121.48713,25.07663,中華民國59年08月23日 03:38:51
676,大堡口福食品有限公司,65003503,新北市土城區永豐路195巷26號,54723019,121.47389,24.97937,中華民國59年08月23日 03:38:51
677,可夫萊食品股份有限公司,65003505,新北市新莊區五工五路1號3樓,53108917,121.45628,25.06402,中華民國59年08月23日 03:38:51
678,采威麵包廠,65003534,新北市三重區中正北路428巷7弄11、13號,41071226,121.47412,25.0699,中華民國59年08月23日 03:38:51
679,逢興生物科技股份有限公司,65003539,新北市中和區立德街148巷36號5樓及48號5樓、6樓,12954810,121.48667,25.00907,中華民國59年08月23日 03:38:51
680,翰霖貿易有限公司,T6500443,新北市深坑區北深路2段32號,16326313,121.61983,25.00451,中華民國59年08月23日 03:38:51
681,調味大師展業有限公司,65003558,新北市中和區立德街98巷60號1樓,24223092,121.48814,25.00868,中華民國59年08月23日 03:38:51
682,馥雅有限公司,65003560,新北市汐止區福德一路430巷26號4樓,16404443,121.62469,25.06027,中華民國59年08月23日 03:38:51
683,黑傑克食品有限公司,65003567,新北市土城區永平街28號1樓,24692910,121.42802,24.96161,中華民國59年08月23日 03:38:51
684,晉義參藥有限公司,65003580,新北市新莊區民安西路486號1樓,24381129,121.43234,25.00725,中華民國59年08月23日 03:38:51
685,大鼎食品有限公司,65003595,新北市三峽區溪北街103號,24280641,121.39811,24.9356,中華民國59年08月23日 03:38:51
686,華盛食品有限公司,65003605,新北市新店區寶橋路235巷6弄2號1樓,86323351,121.55235,24.98022,中華民國59年08月23日 03:38:51
687,順立食品有限公司,65003649,新北市鶯歌區大湖路185之1號,24705422,121.34453,24.97011,中華民國59年08月23日 03:38:51
688,悅子有限公司,65003650,新北市新莊區中正路81巷1號,53917403,121.46132,25.0388,中華民國59年08月23日 03:38:51
689,長谷川食品有限公司,65003651,新北市新莊區五權一路5號8樓之9,12870220,121.45793,25.06617,中華民國59年08月23日 03:38:51
690,裕品馨食品有限公司,65003656,新北市新莊區中正路721巷3號(1、2樓),24703058,121.42381,25.02875,中華民國59年08月23日 03:38:51
691,漢馨科技有限公司,65003659,新北市中和區立德街89號5樓,12871987,121.48571,25.00842,中華民國59年08月23日 03:38:51
692,查理布朗有限公司,65003661,新北市三重區中興北街156號1樓,24491483,121.46894,25.05681,中華民國59年08月23日 03:38:51
693,青益企業有限公司,65003696,新北市樹林區佳園路2段61之5號1、2樓,34671858,121.39139,24.96136,中華民國59年08月23日 03:38:51
694,太魯閣國際股份有限公司三重廠,65003697,新北市三重區中正北路193巷41號1樓,28514120,121.4757,25.07096,中華民國59年08月23日 03:38:51
695,弘梅有限公司新莊廠,65003728,新北市新莊區五權一路5號4樓之2,16142526,121.45793,25.06617,中華民國59年08月23日 03:38:51
696,鼎耀國際食品股份有限公司,65003746,新北市新店區寶中路94號及94之1號(1樓),89626702,121.54899,24.97991,中華民國59年08月23日 03:38:51
697,合廣有限公司汐止廠,65003747,新北市汐止區福德一路351巷9號1樓,28460383,121.62963,25.06137,中華民國59年08月23日 03:38:51
698,科麥股份有限公司(汐止廠),65003773,新北市汐止區康寧街169巷31之1號13樓及13樓之3,86011738,121.62263,25.06956,中華民國59年08月23日 03:38:51
699,雪坊志業股份有限公司,65003801,新北市中和區員山路502號7樓之3,24329659,121.47977,25.0074,中華民國59年08月23日 03:38:51
700,泳賀食品企業有限公司,65003827,新北市新莊區雙鳳路73巷25號(1樓),24708928,121.4147,25.02666,中華民國59年08月23日 03:38:51
701,布列德麵包股份有限公司五股廠,65003844,新北市五股區五工六路53之2號(2樓),54172330,121.44596,25.06736,中華民國59年08月23日 03:38:51
702,元素生化科技有限公司,65003848,新北市中和區立德街148巷2、6、8號7樓,13010059,121.48727,25.00876,中華民國59年08月23日 03:38:51
703,百莉製冰廠有限公司泰山廠,65003853,新北市泰山區泰林路2段292巷26號(1樓),84527871,121.43163,25.06346,中華民國59年08月23日 03:38:51
704,海子企業有限公司,65003854,新北市新莊區五權一路5號2樓(221室),28815792,121.45793,25.06617,中華民國59年08月23日 03:38:51
705,志遠食品廠,65003856,新北市五股區五權八路39號之1,41093397,121.4489,25.0693,中華民國59年08月23日 03:38:51
706,向唐食品有限公司,65003857,新北市中和區建三路75號(1樓),53349417,121.48629,25.00126,中華民國59年08月23日 03:38:51
707,儀諭企業社,65003859,新北市三重區中正北路530巷11號1樓,41397096,121.4719,25.07105,中華民國59年08月23日 03:38:51
708,愷得食品有限公司,65003861,新北市深坑區北深路三段286巷23號1、2、3樓,24720937,121.59668,25.0062,中華民國59年08月23日 03:38:51
709,天納原企業有限公司,65003864,新北市新莊區中正路514巷105弄72號,86489628,121.42899,25.03407,中華民國59年08月23日 03:38:51
710,捷安商實業股份有限公司,65003886,新北市三重區光復路1段82之8號(1、2樓),25105092,121.47191,25.05044,中華民國59年08月23日 03:38:51
711,富茂香生物科技有限公司,65003887,新北市新店區寶興路45巷8弄4號5樓,27516819,121.55014,24.97458,中華民國59年08月23日 03:38:51
712,世紀冷凍食品有限公司,65003903,新北市土城區金城路3段202之1號1樓,28022814,121.46938,24.98791,中華民國59年08月23日 03:38:51
713,柏泰食品興業股份有限公司二廠,65003904,新北市新店區寶橋路235巷1弄2、4號5樓,38443032,121.55121,24.98033,中華民國59年08月23日 03:38:51
714,霜囍有限公司,65003914,新北市新莊區民安西路480巷7號2樓,24543601,121.43191,25.00698,中華民國59年08月23日 03:38:51
715,媽媽家食品企業有限公司,65003923,新北市林口區工九路13之1號1樓,89457728,121.40088,25.07602,中華民國59年08月23日 03:38:51
716,豐稷食品有限公司新店廠,65003925,新北市新店區寶興路45巷1、3號4樓,53719023,121.54986,24.97382,中華民國59年08月23日 03:38:51
717,嘉毓企業有限公司,65003930,新北市八里區頂寮一街28巷13號1、2樓,24765498,121.41073,25.15754,中華民國59年08月23日 03:38:51
718,大洪興業有限公司,65003940,新北市樹林區俊興街273號1、2樓,24778424,121.41844,25.01801,中華民國59年08月23日 03:38:51
719,台灣善商股份有限公司,65003971,新北市五股區五權八路42號,54181892,121.44914,25.06922,中華民國59年08月23日 03:38:51
720,貝諾有限公司,65003998,新北市三重區光復路二段88巷33號,24732429,121.47035,25.05746,中華民國59年08月23日 03:38:51
721,榮騰農產股份有限公司,65004006,新北市三重區光復路1段111之1號,53925831,121.47221,25.0518,中華民國59年08月23日 03:38:51
722,好滿鎰有限公司,65004007,新北市樹林區民權街5巷2號,24737183,121.39522,24.95758,中華民國59年08月23日 03:38:51
723,柴神興業有限公司,65004022,新北市三重區溪尾街108巷46弄23號,70484984,121.48864,25.07812,中華民國59年08月23日 03:38:51
724,長珍食品有限公司,65004062,新北市樹林區東順街82-4號2樓,54724312,121.40958,24.97653,中華民國59年08月23日 03:38:51
725,路易莎咖啡有限公司,65004077,新北市新莊區建國一路55號1樓,24693586,121.43405,25.03093,中華民國59年08月23日 03:38:51
726,百合國際企業有限公司,65004081,新北市汐止區康寧街169巷27之1號10樓之2,12975738,121.62265,25.06877,中華民國59年08月23日 03:38:51
727,台益食品企業有限公司,65004094,新北市淡水區中正東路1段3巷25號6樓,54731340,121.45192,25.16582,中華民國59年08月23日 03:38:51
728,鮮元食品有限公司,65004100,新北市三重區中正北路428巷9號(1樓),89687215,121.47449,25.07046,中華民國59年08月23日 03:38:51
729,永縉食品包裝有限公司,65004102,新北市鶯歌區中正三路156巷8之10號(2、3樓),24709237,121.33315,24.94042,中華民國59年08月23日 03:38:51
730,瑞士達實業股份有限公司大同廠,65004132,新北市汐止區大同路2段135號7樓,28222812,121.65089,25.0641,中華民國59年08月23日 03:38:51
731,和美早餐店,T6500500,新北市土城區裕民路136巷6弄1號1樓,30171304,121.45078,24.98539,中華民國59年08月23日 03:38:51
732,生態綠股份有限公司,65004160,新北市三重區中興北街131之17號1、2樓,28646760,121.46955,25.05027,中華民國59年08月23日 03:38:51
733,富聖養生實業有限公司,65004170,新北市新店區寶橋路235巷16弄7號7樓,80259753,121.55204,24.98123,中華民國59年08月23日 03:38:51
734,賞味佳食品工業有限公司,T6500505,新北市三芝區古庄里四棧橋27之1號,23251056,121.48619,25.26059,中華民國59年08月23日 03:38:51
735,展裕國際有限公司,65004176,新北市中和區中正路766號7樓,53726925,121.48532,24.99964,中華民國59年08月23日 03:38:51
736,盛宇行,65004184,新北市樹林區東興街27號(1樓),13447047,121.41038,24.97822,中華民國59年08月23日 03:38:51
737,立杰國際有限公司,65004185,新北市新莊區民安路437號(1樓),24722344,121.43422,25.02262,中華民國59年08月23日 03:38:51
738,諾蔓食品烘焙店,T6500510,新北市淡水區民生路48號4樓,14877868,121.4618,25.13781,中華民國59年08月23日 03:38:51
739,薩摩亞商璽睿股份有限公司台灣分公司,65004217,新北市五股區五權二路23號,54390201,121.45735,25.06704,中華民國59年08月23日 03:38:51
740,鼎昌實業有限公司,65004221,新北市中和區建八路139巷2號(1樓),24305729,121.49025,24.99894,中華民國59年08月23日 03:38:51
741,品軒事業有限公司,65004222,新北市新店區寶興路45巷6弄9號3樓,29130734,121.55072,24.97425,中華民國59年08月23日 03:38:51
742,活絡生物科技有限公司,65004230,新北市泰山區貴鳳街26之6號(2樓),53725637,121.42301,25.03015,中華民國59年08月23日 03:38:51
743,黑堂有限公司新莊廠,65004234,新北市新莊區新樹路302巷7號(1、2樓),28869972,121.43209,25.00656,中華民國59年08月23日 03:38:51
744,甲寅國際興業有限公司二廠,65004260,新北市新莊區化成路190巷3、5號(1樓),28899912,121.4661,25.04629,中華民國59年08月23日 03:38:51
745,益同商行,T6500518,新北市板橋區大觀路1段28巷108之1號1樓,41094987,121.45019,25.01132,中華民國59年08月23日 03:38:51
746,郁香食品有限公司,65004280,新北市新莊區瓊林南路187巷32號之4,24732477,121.43504,25.00902,中華民國59年08月23日 03:38:51
747,福圓號食品有限公司,65004285,新北市新店區寶中路95之2號(1、2、3樓),54355725,121.54872,24.98076,中華民國59年08月23日 03:38:51
748,傳恩食品有限公司鶯歌廠,65004286,新北市鶯歌區鶯桃路61之3號(1樓),53728873,121.3415,24.95261,中華民國59年08月23日 03:38:51
749,聖力達生物科技有限公司,65004287,新北市三峽區介壽路三段203號1樓,54721119,121.40222,24.94417,中華民國59年08月23日 03:38:51
750,尚品烘焙坊,T6500521,新北市蘆洲區民族路422巷82弄16號,9840069,121.47384,25.09381,中華民國59年08月23日 03:38:51
751,富侑食品有限公司,65004288,新北市樹林區民權街5巷19弄20號(1、2樓),24713942,121.39545,24.95897,中華民國59年08月23日 03:38:51
752,義興湯圓行,T6500523,新北市三重區車路頭街51巷20號,17630657,121.48529,25.07259,中華民國59年08月23日 03:38:51
753,旺榮利食品股份有限公司,T6500524,新北市樹林區俊安街43號,27586130,121.42026,25.01278,中華民國59年08月23日 03:38:51
754,橘村屋食品有限公司,65004315,新北市五股區五工五路31號,29144110,121.45248,25.06417,中華民國59年08月23日 03:38:51
755,睿美食品行,T6500533,新北市板橋區縣民大道3段133巷3號,1912265,121.47745,25.02343,中華民國59年08月23日 03:38:51
756,鮮享股份有限公司,65004349,新北市汐止區大同路1段276之1號10樓,54848257,121.63433,25.0573,中華民國59年08月23日 03:38:51
757,介宏國際有限公司,65004374,新北市汐止區福德一路392巷23號4樓,53420847,121.62625,25.06144,中華民國59年08月23日 03:38:51
758,禾豚有限公司,65004379,新北市樹林區三俊街87號(1樓),28781033,121.41637,25.01548,中華民國59年08月23日 03:38:51
759,冠睿有限公司,65004386,新北市土城區慶樂街53號1、2樓,54859492,121.43712,24.97372,中華民國59年08月23日 03:38:51
760,東方聚利食品工業有限公司,65004398,新北市汐止區福德一路413號(1樓),12995592,121.62701,25.0601,中華民國59年08月23日 03:38:51
761,日新豆腐店,T6500546,新北市深坑區北深路3段43-1號,34760177,121.60827,25.0012,中華民國59年08月23日 03:38:51
762,大登食品有限公司,65004434,新北市新店區寶橋路235巷16弄5號1樓,22718772,121.55184,24.98109,中華民國59年08月23日 03:38:51
763,鵝之鄉食品行,T6500552,新北市三重區福德南路33-1號,14506389,121.50278,25.06255,中華民國59年08月23日 03:38:51
764,旺萊食品有限公司,65004483,新北市中和區立德街72巷12號,53413352,121.48789,25.0081,中華民國59年08月23日 03:38:51
765,羿方有限公司,65004496,新北市新莊區化成路892號(1樓),54851169,121.46471,25.06154,中華民國59年08月23日 03:38:51
766,優而品國際有限公司,65004528,新北市泰山區貴鳳街1號4樓,53315057,121.42144,25.03151,中華民國59年08月23日 03:38:51
767,正永傳貿易有限公司,65004550,新北市樹林區中山路2段151巷15弄54號,89908060,121.40836,24.97663,中華民國59年08月23日 03:38:51
768,群達蛋品有限公司,65004571,新北市土城區永豐路195巷2之4號2樓,54727296,121.4713,24.9781,中華民國59年08月23日 03:38:51
769,嘉赫食品有限公司,65004578,"新北市中和區員山路466巷27號1樓,29號1樓",27278443,121.48127,25.00656,中華民國59年08月23日 03:38:51
770,麒福食品工業有限公司,65004580,新北市汐止區福德二路234號2樓,4817146,121.62858,25.06487,中華民國59年08月23日 03:38:51
771,德默特爾烘焙事業有限公司,65004595,新北市新莊區五權一路11號8樓之1,66845613,121.45928,25.06767,中華民國59年08月23日 03:38:51
772,龍美食品廠,65004596,新北市五股區五權二路29號(1樓),1431098,121.45771,25.06741,中華民國59年08月23日 03:38:51
773,台味開發有限公司,T6500573,新北市樹林區佳園路3段101巷62弄52-15號,28324493,121.39707,24.94524,中華民國59年08月23日 03:38:51
774,富貴得實業有限公司新莊二廠,65004640,新北市新莊區五工五路27號7樓,53778009,121.4533,25.06362,中華民國59年08月23日 03:38:51
775,仕奇生技股份有限公司,65004642,新北市樹林區大安路528號6樓,13195035,121.41366,24.98634,中華民國59年08月23日 03:38:51
776,亞詮餐飲事業股份有限公司,65004698,新北市新店區民權路42巷59弄10號2樓,55670904,121.53818,24.98362,中華民國59年08月23日 03:38:51
777,全利洋企業有限公司,65004701,新北市中和區立德街98巷125號(1層、2層),25024839,121.48898,25.00776,中華民國59年08月23日 03:38:51
778,泰佶食品行,T6500586,新北市三峽區三樹路350號1樓左段,15764736,121.37749,24.93744,中華民國59年08月23日 03:38:51
779,香臨食品股份有限公司,65004731,新北市三重區新北大道2段139巷25號、27號(3樓),54877528,121.46665,25.06037,中華民國59年08月23日 03:38:51
780,德盛製麵股份有限公司,65004732,新北市樹林區八德街280巷3號(3樓),54854715,121.41048,24.97042,中華民國59年08月23日 03:38:51
781,勝興食品加工廠有限公司(三峽廠),65004746,新北市三峽區添福14之34號(1樓),29181120,121.37357,24.90229,中華民國59年08月23日 03:38:51
782,豐品食品有限公司中和一廠,65004757,新北市中和區連城路222巷6弄7號1樓,86981100,121.49107,24.99799,中華民國59年08月23日 03:38:51
783,百傑國際食品有限公司新莊廠,65004766,新北市新莊區民安西路482、482之1號1、2樓,80604734,121.43227,25.0073,中華民國59年08月23日 03:38:51
784,和生御品股份有限公司深坑廠,65004770,新北市深坑區北深路3段270巷5號2樓,54865987,121.59842,25.00531,中華民國59年08月23日 03:38:51
785,英雄食品行,65004778,新北市新店區寶興路45巷6弄2號1樓,90908476,121.55019,24.97399,中華民國59年08月23日 03:38:51
786,柏鈞食品股份有限公司,65004798,新北市三峽區嘉添里嘉添181之14號,54734917,121.38989,24.90277,中華民國59年08月23日 03:38:51
787,宇馨生技食品股份有限公司,65004809,新北市樹林區忠信街4號1樓,16642803,121.40927,25.01528,中華民國59年08月23日 03:38:51
788,陳明樹油行,T6500593,新北市石門區崁子腳30號之3,20018295,121.56775,25.2914,中華民國59年08月23日 03:38:51
789,月桂香食品行,65004823,新北市新莊區五權一路5號之2(1樓),37886255,121.45793,25.06617,中華民國59年08月23日 03:38:51
790,富凰企業股份有限公司,65004836,新北市新莊區五權二路20號之1(2樓),12298913,121.45725,25.06656,中華民國59年08月23日 03:38:51
791,興德旺食品有限公司,65004846,新北市中和區員山路611巷4弄33之3號1樓,53691600,121.47644,25.01115,中華民國59年08月23日 03:38:51
792,英屬維京群島商皮可吉科技股份有限公司台灣分公司,65004847,新北市中和區中正路736號17樓之5,54381977,121.48555,24.99789,中華民國59年08月23日 03:38:51
793,連淨綠色科技股份有限公司,65004860,新北市新店區寶興路45巷9弄2號1樓,65186129,121.54974,24.97468,中華民國59年08月23日 03:38:51
794,紅仕食品有限公司,65004868,新北市八里區頂寮一街28巷8號,54871926,121.41073,25.15754,中華民國59年08月23日 03:38:51
795,威承貿易有限公司,65004889,新北市三重區中正北路317巷46號1、2樓,89544131,121.4766,25.07329,中華民國59年08月23日 03:38:51
796,正文肉店,T6500605,新北市汐止區南陽街265號(2樓),29281508,121.62805,25.05644,中華民國59年08月23日 03:38:51
797,康和皇家生活事業股份有限公司,65004896,新北市蘆洲區中山一路95巷22弄14號,70397222,121.47697,25.08027,中華民國59年08月23日 03:38:51
798,中原光合農場股份有限公司三峽二廠,65004901,新北市三峽區正義街18號(2樓),53956735,121.36923,24.91893,中華民國59年08月23日 03:38:51
799,漁路發水產有限公司,65004925,新北市汐止區福德一路394號5樓,53326272,121.62752,25.06074,中華民國59年08月23日 03:38:51
800,台山冷凍食品有限公司,65004934,新北市土城區石門路49之1號1、2樓,54873023,121.45803,24.96444,中華民國59年08月23日 03:38:51
801,膳安國際股份有限公司,65004941,新北市五股區五權二路21號(1、2樓),53766290,121.45722,25.06689,中華民國59年08月23日 03:38:51
802,彭勝食品有限公司,65004959,新北市樹林區三俊街213之1號,54880571,121.42062,25.01545,中華民國59年08月23日 03:38:51
803,博東客企業有限公司,65004960,新北市深坑區北深路3段111號,84474781,121.60461,25.00182,中華民國59年08月23日 03:38:51
804,海力士國際股份有限公司中和廠,65004966,新北市中和區中山路2段327巷11弄17號2樓,53191936,121.4933,25.00013,中華民國59年08月23日 03:38:51
805,喜悅雜糧餐包有限公司,65004980,新北市板橋區縣民大道3段270巷1號(1、2樓),54841851,121.47829,25.02344,中華民國59年08月23日 03:38:51
806,北興隆食品有限公司,65004982,新北市新莊區五權二路22號3樓之10,28871718,121.45771,25.06709,中華民國59年08月23日 03:38:51
807,喜詮生技股份有限公司,65004983,新北市樹林區柑園街2段122巷11、12號2樓,22015908,121.38386,24.95533,中華民國59年08月23日 03:38:51
808,健逢生物科技企業有限公司(動物飼料廠),65005000,新北市鶯歌區建國路596巷68號1樓,16194256,121.34101,24.95176,中華民國59年08月23日 03:38:51
809,好年庄食品有限公司,65005005,新北市三芝區四棧橋53之15號,80000066,121.48422,25.26539,中華民國59年08月23日 03:38:51
810,心一食品有限公司,65005017,新北市新莊區化成路293巷13號(1樓),46186459,121.46474,25.05518,中華民國59年08月23日 03:38:51
811,和泰興烘焙有限公司,65005019,新北市土城區承天路4巷2之18號,46131906,121.4361,24.96409,中華民國59年08月23日 03:38:51
812,東瀛企業有限公司,65005022,新北市三重區中正北路530巷29號(1樓),12711217,121.47189,25.07004,中華民國59年08月23日 03:38:51
813,葉記食品企業有限公司,T6500620,新北市中和區水源路105之5號、107之5號,80482129,121.50752,25.00337,中華民國59年08月23日 03:38:51
814,花伊朵國際有限公司,65005058,新北市新莊區五工六路12號1樓,42581710,121.45146,25.06169,中華民國59年08月23日 03:38:51
815,一禾泰興業有限公司,65005086,新北市三峽區成福路105巷29號,54838357,121.41856,24.9333,中華民國59年08月23日 03:38:51
816,好神國際股份有限公司中和廠,65005087,新北市中和區建八路152巷3號(1樓),54230747,121.48988,24.99821,中華民國59年08月23日 03:38:51
817,裕昌咖啡有限公司,65005089,新北市三重區中正北路193巷35弄50號(1樓),42710518,121.47776,25.07131,中華民國59年08月23日 03:38:51
818,達弘食品有限公司新莊廠,65005120,新北市新莊區化成路11巷60號,28640800,121.46249,25.04353,中華民國59年08月23日 03:38:51
819,純美香食品有限公司,65005136,新北市三重區中興北街204巷13號(1、2樓),42712240,121.4683,25.05914,中華民國59年08月23日 03:38:51
820,立葳食品有限公司,65005143,新北市蘆洲區國道路2段1巷52號3樓,46399713,121.47467,25.07305,中華民國59年08月23日 03:38:51
821,北大食品有限公司,65005146,新北市新莊區化成路139之1號1樓、139之2號1樓,54283151,121.46556,25.04796,中華民國59年08月23日 03:38:51
822,久沅企業有限公司,65005161,新北市汐止區環河街136號1樓,89700174,121.62844,25.05878,中華民國59年08月23日 03:38:51
823,宬揚企業有限公司,65005169,新北市汐止區中興路31號2樓之1,53085674,121.63462,25.06177,中華民國59年08月23日 03:38:51
824,盧師食品行,65005193,新北市三重區中興北街170巷11號(2樓),26517332,121.46787,25.05727,中華民國59年08月23日 03:38:51
825,昊悅國際事業有限公司,65005218,新北市汐止區大同路1段181號11樓之2,46379104,121.63271,25.05713,中華民國59年08月23日 03:38:51
826,福成開發食品有限公司土城廠,65005223,新北市土城區青雲665之8號(1樓),54288846,121.44281,24.97257,中華民國59年08月23日 03:38:51
827,連淨綠色科技股份有限公司二廠,65005224,新北市新店區復興路43號1樓,65186129,121.53705,24.98683,中華民國59年08月23日 03:38:51
828,集宏企業有限公司,65005264,新北市八里區博物館路131號,47080980,121.40803,25.15839,中華民國59年08月23日 03:38:51
829,一之軒食品有限公司二廠,65005269,新北市新店區復興路111號9樓,22751743,121.53417,24.98778,中華民國59年08月23日 03:38:51
830,宇樂實業有限公司,65005312,新北市三峽區嘉添181-21號2樓,54838602,121.37003,24.9114,中華民國59年08月23日 03:38:51
831,茶客茶業有限公司,65005320,新北市泰山區泰林路2段292巷32號(1樓),24766200,121.43176,25.06361,中華民國59年08月23日 03:38:51
832,大慶食品有限公司,65005351,新北市樹林區三俊街199巷20弄16號1樓,47042430,121.4211,25.01724,中華民國59年08月23日 03:38:51
833,珍饌工房有限公司,65005355,新北市板橋區廣權路5號2樓,42712396,121.46049,24.9913,中華民國59年08月23日 03:38:51
834,圓荷有限公司,65005405,新北市中和區員山路581巷31弄7、9、11號(1樓),54673685,121.47693,25.01029,中華民國59年08月23日 03:38:51
835,聯亞食品有限公司泰山廠,65005406,新北市泰山區新北大道6段313巷13弄9號1樓及夾層,53438184,121.42452,25.03375,中華民國59年08月23日 03:38:51
836,世璿食品有限公司,65005407,新北市新莊區新樹路67巷40弄8號1樓,47081587,121.4407,25.02998,中華民國59年08月23日 03:38:51
837,天晴興業有限公司,65005409,新北市中和區錦和路3號4樓,43844156,121.48601,25.00413,中華民國59年08月23日 03:38:51
838,元鼎食品生技有限公司,65005440,新北市土城區自由街15號3樓,43787367,121.42345,24.96647,中華民國59年08月23日 03:38:51
839,統宣生技食品股份有限公司,65005441,新北市中和區中山路2段352號8樓、356號8樓,27441796,121.49296,25.00259,中華民國59年08月23日 03:38:51
840,王哥肉品商店,65005445,新北市新莊區新樹路69之56號1、2樓,15764145,121.43785,25.02774,中華民國59年08月23日 03:38:51
841,金華國際食品有限公司,65005450,新北市樹林區樹德街35號（3樓）,47076135,121.4216,24.99171,中華民國59年08月23日 03:38:51
842,品元實業股份有限公司博物館廠,65005472,新北市八里區博物館路75號1、2、3樓,80657892,121.41099,25.16044,中華民國59年08月23日 03:38:51
843,呷味軒實業有限公司,65005474,新北市新莊區中信街51巷4弄12號(1樓),34419285,121.44918,25.05033,中華民國59年08月23日 03:38:51
844,特里股份有限公司,65005484,新北市三重區中興北街180巷12號,29167106,121.46826,25.05775,中華民國59年08月23日 03:38:51
845,久榮興食品有限公司,65005485,新北市中和區中板路17號(1、2樓),65657508,121.48424,25.0117,中華民國59年08月23日 03:38:51
846,亞茜股份有限公司,65005487,新北市五股區五工二路124號(2樓),42868475,121.4553,25.07028,中華民國59年08月23日 03:38:51
847,勁揚國際餐飲股份有限公司,65005488,新北市五股區五權七路20號8樓,54727319,121.44854,25.06643,中華民國59年08月23日 03:38:51
848,堡晟興業有限公司,65005495,新北市八里區龍米路2段62號,28933117,121.44822,25.14123,中華民國59年08月23日 03:38:51
849,合力食品社,65005506,新北市樹林區民權街5巷19弄18號1、2樓,17813038,121.39547,24.95892,中華民國59年08月23日 03:38:51
850,穎祥國際有限公司食品一廠,65005507,新北市汐止區康寧街169巷31號6樓之3,27963598,121.62263,25.06956,中華民國59年08月23日 03:38:51
851,日華好物有限公司,65005529,新北市新店區中正路499號7樓,53774931,121.53357,24.9835,中華民國59年08月23日 03:38:51
852,薩摩亞商客來喜餐飲股份有限公司台灣分公司-二廠,65005569,新北市新店區復興路45號(1樓),28427006,121.53676,24.98689,中華民國59年08月23日 03:38:51
853,鈞展企業社,65005580,新北市新莊區福營路165巷9號1樓,41364200,121.43219,25.03104,中華民國59年08月23日 03:38:51
854,燕萃生技股份有限公司,65005588,新北市汐止區福德一路403號,66589819,121.62732,25.06034,中華民國59年08月23日 03:38:51
855,北鑫食品商行,65005592,新北市三峽區介壽路一段402號1樓,47986970,121.38383,24.93081,中華民國59年08月23日 03:38:51
856,展裕國際有限公司二廠,65005614,新北市中和區中正路756號3樓,53726925,121.48543,24.99909,中華民國59年08月23日 03:38:51
857,欣隆食品有限公司南陽廠,65005615,新北市汐止區南陽街121巷19號1樓,27374136,121.62506,25.06096,中華民國59年08月23日 03:38:51
858,鮮享股份有限公司二廠,65005640,新北市汐止區大同路1段276號6樓,54848257,121.63433,25.0573,中華民國59年08月23日 03:38:51
859,鼎裕屋食品股份有限公司,65005648,新北市泰山區新北大道6段385號1樓,24694760,121.42179,25.03235,中華民國59年08月23日 03:38:51
860,甄香食品行,65005665,新北市土城區亞洲路32巷16號(1樓),26536942,121.43562,24.97466,中華民國59年08月23日 03:38:51
861,建泰食品有限公司,65005680,新北市土城區日新街37巷3號,54013609,121.44276,24.98801,中華民國59年08月23日 03:38:51
862,德斯丹有限公司,65005683,新北市新莊區五權一路5號6樓之6,42646116,121.45793,25.06617,中華民國59年08月23日 03:38:51
863,龍信食品股份有限公司,65005696,新北市中和區立德街120號4樓,54737674,121.48695,25.00872,中華民國59年08月23日 03:38:51
864,湘鄉食品有限公司福德二廠,65005725,新北市汐止區福德一路405巷8、10號(1樓),12745672,121.62752,25.05969,中華民國59年08月23日 03:38:51
865,家陵企業有限公司,65005729,新北市新莊區五權一路5號3樓之7,23500560,121.45793,25.06617,中華民國59年08月23日 03:38:51
866,路易莎職人咖啡股份有限公司(三重廠),65005734,新北市三重區中興北街177、179號(7樓),54857699,121.46909,25.05622,中華民國59年08月23日 03:38:51
867,士峯食品有限公司(寶興廠),65005748,新北市新店區寶興路60巷4號1樓,86946630,121.54982,24.97195,中華民國59年08月23日 03:38:51
868,滿意油飯有限公司,65005754,新北市新店區寶興路60巷32號1樓,28559028,121.54874,24.97175,中華民國59年08月23日 03:38:51
869,台灣安亞生物科技股份有限公司,65005797,新北市新店區寶橋路235巷123號4樓,24761211,121.55083,24.98331,中華民國59年08月23日 03:38:51
870,國鼎生物科技股份有限公司淡水六廠,65005837,新北市淡水區下圭柔山71之2號,80280616,121.44587,25.20494,中華民國59年08月23日 03:38:51
871,高坑有限公司(樹林廠),65005849,新北市樹林區中華路379巷19弄1號(2.3.4樓),89401366,121.41381,24.9788,中華民國59年08月23日 03:38:51
872,湛盧實業股份有限公司,65005854,新北市深坑區北深路3段270巷16號4樓之5,28187097,121.59915,25.00597,中華民國59年08月23日 03:38:51
873,煌翔貿易有限公司,65005856,新北市三重區光復路2段88巷26號1樓、夾層及2樓,24703199,121.47087,25.05737,中華民國59年08月23日 03:38:51
874,宥信食品有限公司五工廠,65005881,新北市五股區五工二路105號(1樓),16352395,121.45724,25.06817,中華民國59年08月23日 03:38:51
875,福潤食品股份有限公司,65005883,新北市蘆洲區國道路二段1巷52號4樓,7488110,121.47467,25.07305,中華民國59年08月23日 03:38:51
876,哈肯舖股份有限公司二廠,65005885,新北市新店區寶興路45巷3號3樓,29036421,121.54986,24.97382,中華民國59年08月23日 03:38:51
877,鮮機食品生技股份有限公司林口廠,65005890,新北市林口區粉寮路2段20號,53679161,121.40275,25.08604,中華民國59年08月23日 03:38:51
878,普光傳統豆腐店,T6500641,新北市新店區德安里車子路122之2號,21510177,121.50668,24.95147,中華民國59年08月23日 03:38:51
879,圓順科化有限公司,65005930,新北市汐止區大同路3段196之1號6樓,13125952,121.67404,25.07349,中華民國59年08月23日 03:38:51
880,洺鈞畜產科技股份有限公司,65005932,新北市新莊區五權一路5號4樓之6,52530347,121.45793,25.06617,中華民國59年08月23日 03:38:51
881,太郎實業有限公司,65005943,新北市五股區中興路1段95巷17號1、2樓及19號1樓,28873032,121.46663,25.07212,中華民國59年08月23日 03:38:51
882,普悅麗國際食品股份有限公司,65005966,新北市新店區中正路541號3樓,29038645,121.53343,24.98693,中華民國59年08月23日 03:38:51
883,蔡家班有限公司,65005986,新北市新莊區建國一路128巷6、8號(1樓),80706346,121.43441,25.02883,中華民國59年08月23日 03:38:51
884,宏昌食品企業有限公司,65005988,新北市新莊區中正路544之3及之4號,80621945,121.46556,25.04191,中華民國59年08月23日 03:38:51
885,虹喬食品有限公司,65005990,新北市汐止區大安街52巷10號3樓,54163509,121.67896,25.07341,中華民國59年08月23日 03:38:51
886,寶瑩食品有限公司,65006009,新北市樹林區俊英街116巷1號(1樓),54272773,121.42762,25.00579,中華民國59年08月23日 03:38:51
887,山井食品行,T6500647,新北市深坑區昇高里王軍寮1號之10,31473897,121.62188,24.98573,中華民國59年08月23日 03:38:51
888,奇華股份有限公司五股二廠,65006022,新北市五股區中興路1段10號6樓之5,12365601,121.46937,25.0728,中華民國59年08月23日 03:38:51
889,常豐食品有限公司,65006057,新北市五股區成泰路2段147巷27、29、31號,66455327,121.43866,25.08644,中華民國59年08月23日 03:38:51
890,優奇有限公司,65006058,新北市泰山區美寧街57巷35弄2號1樓,89504594,121.42971,25.06488,中華民國59年08月23日 03:38:51
891,美淇食品有限公司板橋廠,65006065,新北市板橋區干城路142號(1、2)、3、4樓,80605699,121.4596,24.99339,中華民國59年08月23日 03:38:51
892,高麗國有限公司,65006073,新北市林口區工七路4號(1樓),53707928,121.39983,25.08017,中華民國59年08月23日 03:38:51
893,廣廣香食品有限公司,65006074,新北市三重區疏洪西路458號(2、3樓),28338686,121.46583,25.065,中華民國59年08月23日 03:38:51
894,味真好食品行一廠,65006081,新北市樹林區中華路403巷3號,30276258,121.41108,24.98011,中華民國59年08月23日 03:38:51
895,台灣善美的股份有限公司五股廠,65006091,新北市五股區五工六路35號3、4樓,23060232,121.44738,25.06395,中華民國59年08月23日 03:38:51
896,伊通有限公司,65006117,新北市汐止區水源路二段217之3號,24469356,121.6587,25.05252,中華民國59年08月23日 03:38:51
897,長榮生醫科技股份有限公司,65006118,新北市汐止區新台五路1段114號10樓,27332684,121.64943,25.06072,中華民國59年08月23日 03:38:51
898,上林餐飲事業股份有限公司,65006119,新北市新店區寶興路45巷5號1樓,16530835,121.54989,24.97422,中華民國59年08月23日 03:38:51
899,金鼎研究生化科技有限公司汐止廠,65006123,新北市汐止區大同路1段277號1樓,54290006,121.63649,25.05873,中華民國59年08月23日 03:38:51
900,來新開發有限公司樹林廠,65006131,新北市樹林區三俊街65巷23號(1樓),84289765,121.41331,25.01693,中華民國59年08月23日 03:38:51
901,華福食品股份有限公司林口二廠,65006141,新北市林口區粉寮一街83號(1、2樓)、83號3樓,23140643,121.40014,25.07694,中華民國59年08月23日 03:38:51
902,一之軒食品有限公司三廠,65006153,新北市新店區復興路111號10樓,22751743,121.53417,24.98778,中華民國59年08月23日 03:38:51
903,東金巴黎食品股份有限公司,65006156,新北市汐止區康寧街169巷27號2樓之3,66263926,121.62265,25.06877,中華民國59年08月23日 03:38:51
904,瑞騰國際股份有限公司中和廠,65006172,新北市中和區建三路81號,13049646,121.4862,25.00095,中華民國59年08月23日 03:38:51
905,辰品食品有限公司,65006216,新北市鶯歌區八德路2巷18弄10號,46685997,121.33648,24.94727,中華民國59年08月23日 03:38:51
906,和旺食品有限公司,65006217,新北市新莊區化成路431巷34號,66653945,121.46357,25.05987,中華民國59年08月23日 03:38:51
907,益合欣興業有限公司,65006251,新北市三峽區介壽路一段320號4樓,66602685,121.38099,24.93012,中華民國59年08月23日 03:38:51
908,大鼎食品行,65006252,新北市中和區立德街200巷48號4樓,30265597,121.48585,25.01026,中華民國59年08月23日 03:38:51
909,尚唐坊股份有限公司,65006254,新北市中和區新民街118號1樓,24942142,121.48034,25.00858,中華民國59年08月23日 03:38:51
910,萌寶貝御廚餐飲有限公司,65006256,新北市新莊區五權三路16號(1樓),54716636,121.45267,25.06377,中華民國59年08月23日 03:38:51
911,佳千企業社,65006276,新北市汐止區康寧街169巷27號7樓之2,41365340,121.62265,25.06877,中華民國59年08月23日 03:38:51
912,廣豪餐飲有限公司,65006297,新北市新莊區雙鳳路111號3樓,24540457,121.41386,25.02808,中華民國59年08月23日 03:38:51
913,圓悅企業有限公司,65006298,新北市深坑區北深路3段270巷5號5樓及5樓之1,66252028,121.59842,25.00531,中華民國59年08月23日 03:38:51
914,美佳食品有限公司,65006300,新北市板橋區干城路142號5樓,84480496,121.4596,24.99339,中華民國59年08月23日 03:38:51
915,馥宇行有限公司,65006336,新北市三重區興德路121號(1樓),47087344,121.47088,25.05316,中華民國59年08月23日 03:38:51
916,民享肉鬆企業有限公司,65006341,新北市土城區忠義路55巷62號1樓,84616944,121.44316,24.96723,中華民國59年08月23日 03:38:51
917,鴻展食品生技股份有限公司,65006348,新北市五股區五權路13號6樓,47096723,121.44891,25.06592,中華民國59年08月23日 03:38:51
918,綠邦商行,65006376,新北市土城區亞洲路32巷15號(1樓),17035257,121.43546,24.9746,中華民國59年08月23日 03:38:51
919,懋軒生物科技有限公司,65006379,新北市中和區中山路2段405號4樓,66803971,121.48622,25.00462,中華民國59年08月23日 03:38:51
920,臻欣實業有限公司,65006381,新北市三重區中正北路317巷27號,66845206,121.47587,25.07299,中華民國59年08月23日 03:38:51
921,超香食品股份有限公司汐止廠,65006383,新北市汐止區中興路31號2樓之3,24698750,121.63462,25.06177,中華民國59年08月23日 03:38:51
922,玉膳企業股份有限公司,65006407,新北市三重區光復路2段42巷39號3樓,66546024,121.46933,25.05461,中華民國59年08月23日 03:38:51
923,恬品軒企業有限公司,65006426,新北市樹林區三俊街226號1樓,28698274,121.42111,25.01496,中華民國59年08月23日 03:38:51
924,米棋食品有限公司,65006462,新北市新莊區建國二路52號(1樓),66800067,121.43259,25.02485,中華民國59年08月23日 03:38:51
925,龍睿股份有限公司,65006463,新北市三重區光復路1段101之1號3樓,66584589,121.47223,25.05107,中華民國59年08月23日 03:38:51
926,三灃食品有限公司,65006466,新北市中和區中正路910號(1樓),66905920,121.48365,25.00727,中華民國59年08月23日 03:38:51
927,派德食品企業有限公司,65006509,新北市汐止區福德二路359巷5號、7號,23920182,121.62401,25.06352,中華民國59年08月23日 03:38:51
928,台灣味社會事業有限公司,65006519,新北市新店區民權路42巷59弄1號5樓,53412234,121.53846,24.98384,中華民國59年08月23日 03:38:51
929,柏源盛商行,T6500656,新北市板橋區中正路379巷11號1樓,26752552,121.45324,25.02195,中華民國59年08月23日 03:38:51
930,小潘蛋糕坊有限公司國慶廠,65006537,新北市板橋區國慶路29巷7號,54277088,121.45873,24.99613,中華民國59年08月23日 03:38:51
931,宸品有限公司(汐止廠),65006541,新北市汐止區中興路34號(1樓),80680508,121.63745,25.06016,中華民國59年08月23日 03:38:51
932,八八口食品股份有限公司,65006562,新北市三重區光復路1段79號3樓,52917566,121.47224,25.04998,中華民國59年08月23日 03:38:51
933,馨逸企業股份有限公司,65006564,新北市新店區寶興路45巷8弄12號3樓,42865168,121.55056,24.97465,中華民國59年08月23日 03:38:51
934,香帥蛋糕有限公司,65006524,新北市汐止區汐萬路1段211巷26號(1、2、3、4、5樓),53226549,121.65109,25.07176,中華民國59年08月23日 03:38:51
935,大堡口福食品有限公司(土城廠),65006570,新北市土城區承天路83之13號,54723019,121.44059,24.96273,中華民國59年08月23日 03:38:51
936,典茶實業有限公司,65006589,新北市深坑區北深路3段266號1樓,54140181,121.59874,25.00479,中華民國59年08月23日 03:38:51
937,珍香食品有限公司,65006591,新北市汐止區南陽街250號,13098792,121.62705,25.0568,中華民國59年08月23日 03:38:51
938,本家食品有限公司,65006593,新北市新莊區思源路112巷2號1樓,46393605,121.46037,25.04671,中華民國59年08月23日 03:38:51
939,德麥食品股份有限公司(新北廠),65006594,新北市五股區五權五路31號(2、3、4樓),23420497,121.45208,25.06597,中華民國59年08月23日 03:38:51
940,品樂坊食品有限公司,65006595,新北市中和區民享街4號(L棟1、2樓),68212614,121.47364,25.00533,中華民國59年08月23日 03:38:51
941,台雞食品有限公司,65006600,新北市土城區中山路95號,67313305,121.43244,24.97059,中華民國59年08月23日 03:38:51
942,世界阿一鮑魚有限公司,65006611,新北市樹林區太順街114巷3號1樓,53427270,121.41475,24.97837,中華民國59年08月23日 03:38:51
943,高師傅菓子工房,65006621,新北市新店區寶橋路154巷2號3樓,10340669,121.54866,24.97659,中華民國59年08月23日 03:38:51
944,樂齊有限公司,65006623,新北市三重區興德路103號(1樓),68563483,121.47176,25.05336,中華民國59年08月23日 03:38:51
945,農七十生物科技有限公司,65006626,新北市中和區建一路148號4樓,23996555,121.48797,24.9988,中華民國59年08月23日 03:38:51
946,易壯生物科技有限公司,65006640,新北市板橋區干城路14號(1樓),67275908,121.45952,24.99376,中華民國59年08月23日 03:38:51
947,大梵天實業股份有限公司,65006653,新北市新店區中正路538巷3號3樓,65120302,121.53429,24.98445,中華民國59年08月23日 03:38:51
948,駿融蔘藥生技股份有限公司三峽廠,65006672,新北市三峽區添福14-24號(1樓),4985001,121.37357,24.90229,中華民國59年08月23日 03:38:51
949,富欣食品有限公司,65006679,新北市樹林區民權街5巷19弄16號(二樓),28927092,121.39551,24.95886,中華民國59年08月23日 03:38:51
950,路易莎職人咖啡股份有限公司(新北廠),65006690,新北市五股區五權路7巷10號6樓,54857699,121.44811,25.06523,中華民國59年08月23日 03:38:51
951,啟陞食品行,65006695,新北市三重區中興北街160巷16號(1樓),25562870,121.46802,25.05684,中華民國59年08月23日 03:38:51
952,意一堂國際有限公司,65006696,新北市新店區中正路501之18號3樓,52696085,121.53358,24.98362,中華民國59年08月23日 03:38:51
953,美食多實業股份有限公司,65006698,新北市新莊區新樹路319號,12979278,121.43337,25.01915,中華民國59年08月23日 03:38:51
954,港苑食品有限公司,65006740,新北市新店區民權路90巷36號,69040604,121.53656,24.9841,中華民國59年08月23日 03:38:51
955,亞多夢股份有限公司五股廠,65006751,新北市五股區五權七路77號,53724216,121.45374,25.07064,中華民國59年08月23日 03:38:51
956,吉力家有限公司,65006752,新北市汐止區大同路2段139號2樓,55116201,121.65101,25.06439,中華民國59年08月23日 03:38:51
957,漢易科技有限公司,65006782,新北市新莊區五權一路3號4樓之1,52868256,121.45739,25.06559,中華民國59年08月23日 03:38:51
958,駟馬國際股份有限公司,65006794,新北市樹林區西圳街1段117之3號(1、2、3樓),67321121,121.39852,24.96376,中華民國59年08月23日 03:38:51
959,大當家食品股份有限公司,65006811,新北市板橋區信義路163巷1號5樓,65278865,121.459,24.99276,中華民國59年08月23日 03:38:51
960,東爵企業有限公司,65006826,新北市樹林區東順街109號,23044064,121.40802,24.97544,中華民國59年08月23日 03:38:51
961,嶢陽茶行貿易有限公司,65006828,新北市新莊區五權一路1號5樓之1,4285083,121.45682,25.06501,中華民國59年08月23日 03:38:51
962,三澧企業股份有限公司,65006843,新北市五股區五權五路3號,16098275,121.44992,25.0633,中華民國59年08月23日 03:38:51
963,忕吉小吃股份有限公司五股食品廠,65006868,新北市五股區五工一路109號2樓,54752668,121.45629,25.07049,中華民國59年08月23日 03:38:51
964,金色三麥餐飲股份有限公司,65006869,新北市三重區光復路一段101號3樓,24692475,121.47223,25.05107,中華民國59年08月23日 03:38:51
965,名品客家美食行,T6500666,新北市中和區中正路51號1樓,26529956,121.50174,24.99334,中華民國59年08月23日 03:38:51
966,勗聖食品有限公司,65006909,新北市樹林區樹中街6號(1樓),28798175,121.42063,24.98601,中華民國59年08月23日 03:38:51
967,泰康生技股份有限公司,65006959,新北市板橋區和平路6巷1號4樓,24690820,121.45867,24.99377,中華民國59年08月23日 03:38:51
968,祐旭食品有限公司,65006965,新北市中和區立德街72巷34號(1樓),45074126,121.48777,25.00867,中華民國59年08月23日 03:38:51
969,逢源生物科技有限公司,65006976,新北市中和區立德街160號4樓,42727089,121.48584,25.00887,中華民國59年08月23日 03:38:51
970,甘泉生物科技股份有限公司,65006994,新北市新店區復興路45號2樓,24206501,121.53676,24.98689,中華民國59年08月23日 03:38:51
971,牛筋學苑企業有限公司,65006995,新北市新店區寶興路45巷9弄8號,80056960,121.54937,24.97462,中華民國59年08月23日 03:38:51
972,慈安食品有限公司,65007006,新北市八里區博物館路31號3樓,69427705,121.41411,25.16271,中華民國59年08月23日 03:38:51
973,彩富昌商行,65007039,新北市新莊區建國二路53號,31477042,121.43271,25.02464,中華民國59年08月23日 03:38:51
974,優福國際發展有限公司,65007055,新北市土城區承天路8巷4號(1樓),54695082,121.43676,24.96414,中華民國59年08月23日 03:38:51
975,漢記股份有限公司土城廠,65007064,新北市土城區中央路1段319號(1、2樓及地下1樓),53095716,121.44392,24.98319,中華民國59年08月23日 03:38:51
976,長虹食品廠有限公司,65007065,新北市三重區重新路五段639之1號7樓,54505560,121.46679,25.04341,中華民國59年08月23日 03:38:51
977,歐迪農產食品行,65007075,新北市樹林區俊英街166巷10號(1樓),41076144,121.42705,25.00713,中華民國59年08月23日 03:38:51
978,誼豐股份有限公司土城廠,65007085,新北市土城區忠承路87.91.95.99號5樓,42630873,121.43887,24.96469,中華民國59年08月23日 03:38:51
979,八方雲集國際股份有限公司(北新廠),65007092,新北市淡水區北新路2段76號,70472679,121.47948,25.18555,中華民國59年08月23日 03:38:51
980,禮忠食品有限公司,65007093,新北市新莊區新樹路527巷34號(1樓),69394900,121.43385,25.0093,中華民國59年08月23日 03:38:51
981,鼎格有限公司,65007094,新北市三重區仁愛街245巷31號(1、2樓),66512657,121.49457,25.07852,中華民國59年08月23日 03:38:51
982,諸葛四九食品有限公司,65007096,新北市樹林區俊興街229號(1、2樓),42725688,121.41762,25.0151,中華民國59年08月23日 03:38:51
983,貝絲國際有限公司,65007097,新北市中和區新民街112號5樓之3,89818390,121.48044,25.00837,中華民國59年08月23日 03:38:51
984,舞茶實業有限公司,65007098,新北市五股區中興路1段8號1樓、8之1號1樓,53696247,121.46963,25.07344,中華民國59年08月23日 03:38:51
985,喬元手創食品有限公司,65007116,新北市新莊區建國一路288巷43號1樓,54734536,121.43419,25.02576,中華民國59年08月23日 03:38:51
986,祁門有限公司,65007119,新北市汐止區康寧街169巷27之1號4樓之2,13057309,121.62265,25.06877,中華民國59年08月23日 03:38:51
987,生安生物科技有限公司,65007135,新北市樹林區俊興街231號(1樓),42733337,121.41763,25.01517,中華民國59年08月23日 03:38:51
988,奕泰農業科技有限公司,65007137,新北市土城區永豐路195巷7弄4號(1樓),47034425,121.47195,24.97894,中華民國59年08月23日 03:38:51
989,紅太陽廚房有限公司,65007152,新北市新莊區中港二街101號,97243307,121.44913,25.04567,中華民國59年08月23日 03:38:51
990,昌源豆皮有限公司,65007179,新北市樹林區西圳街1段115之2號(1、2樓),42729869,121.39865,24.96348,中華民國59年08月23日 03:38:51
991,漢記股份有限公司(土城二廠),65007226,新北市土城區中央路1段319號(3、4樓),53095716,121.44392,24.98319,中華民國59年08月23日 03:38:51
992,台品興業有限公司,T6500672,新北市汐止區忠三街9巷28號之1,70737209,121.62468,25.08031,中華民國59年08月23日 03:38:51
993,新加坡商粟野有限公司台灣分公司,65007236,新北市蘆洲區信義路73巷6號,24810276,121.47632,25.08018,中華民國59年08月23日 03:38:51
994,三五生物科技股份有限公司,65007239,新北市汐止區康寧街169巷21號7樓之1,68305916,121.62274,25.06807,中華民國59年08月23日 03:38:51
995,宇笛生物科技股份有限公司,65007250,新北市中和區立德街148巷52號6樓,12953312,121.48631,25.00925,中華民國59年08月23日 03:38:51
996,芊語實業有限公司,65007281,新北市板橋區信義路165號2樓,66639825,121.45882,24.99231,中華民國59年08月23日 03:38:51
997,海邊走走食品股份有限公司二廠,65007312,新北市淡水區中正東路1段3巷23號1樓,54710204,121.45188,25.16592,中華民國59年08月23日 03:38:51
998,草系生活有限公司,65007319,新北市土城區中央路3段87號7樓之1,54151784,121.43784,24.96781,中華民國59年08月23日 03:38:51
999,明朝製麵有限公司,65007320,新北市樹林區忠信街15號3樓,50845258,121.40782,25.01525,中華民國59年08月23日 03:38:51
